2026-07-25 20:24:18,624.624 INFO     fluxeye                   日志系统初始化完成, level=INFO, file=./logs/fluxeye.log
INFO:     Started server process [449908]
INFO:     Waiting for application startup.
2026-07-25 20:24:18,644.644 INFO     fluxeye.storage           存储后端: SQLite (path=./data/fluxeye.db)
2026-07-25 20:24:18,644.644 INFO     fluxeye.storage.deps      正在初始化存储后端...
2026-07-25 20:24:18,646.646 INFO     fluxeye.storage.deps      存储后端就绪
2026-07-25 20:24:18,646.646 INFO     fluxeye.geo.resolver      GeoIP City 数据库不存在: data/geoip/GeoLite2-City.mmdb (跳过)
2026-07-25 20:24:18,649.649 INFO     fluxeye.geo.resolver      GeoIP Country 数据库已加载: data/geoip/GeoLite2-Country.mmdb (作为 City 回退)
2026-07-25 20:24:18,650.650 INFO     fluxeye.geo.resolver      GeoIP ASN 数据库已加载: data/geoip/GeoLite2-ASN.mmdb
2026-07-25 20:24:18,650.650 INFO     fluxeye                   GeoIP 解析器已就绪
2026-07-25 20:24:18,650.650 INFO     fluxeye.geo.deps          GeoIP 自动更新已禁用 (geoip.auto_update=false)
2026-07-25 20:24:18,650.650 INFO     fluxeye.collector.pipeline 初始化 DPI 引擎...
2026-07-25 20:24:18,665.665 INFO     fluxeye.collector.dpi     nDPI 引擎就绪 (handle=670304480)
2026-07-25 20:24:18,666.666 INFO     fluxeye.collector.pipeline DPI 引擎: nDPI 模式
2026-07-25 20:24:18,666.666 WARNING  fluxeye.collector.pipeline RRDtool 初始化失败: No module named 'rrdtool' (跳过)
2026-07-25 20:24:18,666.666 INFO     fluxeye.collector.pipeline 采集模式: 在线抓包 (eth0)
2026-07-25 20:24:18,666.666 INFO     fluxeye.collector.pipeline 采集流水线已启动
2026-07-25 20:24:18,687.687 INFO     fluxeye.collector.capture 绑定接口: eth0 (index=2)
2026-07-25 20:24:18,687.687 INFO     fluxeye.collector.capture 已启用混杂模式
2026-07-25 20:24:18,688.688 INFO     fluxeye.collector.pipeline 数据保留策略: 流记录保留 7 天 (每小时检查清理)
INFO:     Application startup complete.
INFO:     Uvicorn running on http://0.0.0.0:8000 (Press CTRL+C to quit)
2026-07-25 20:24:28,688.688 INFO     fluxeye.collector.pipeline [流水线统计] 处理 425 包 | 活跃流 8 | 速率 42.3 pps | DPI: nDPI
2026-07-25 20:24:38,690.690 INFO     fluxeye.collector.pipeline [流水线统计] 处理 1100 包 | 活跃流 16 | 速率 54.9 pps | DPI: nDPI
2026-07-25 20:24:48,691.691 INFO     fluxeye.collector.pipeline [流水线统计] 处理 1574 包 | 活跃流 21 | 速率 52.4 pps | DPI: nDPI
2026-07-25 20:24:58,692.692 INFO     fluxeye.collector.pipeline [流水线统计] 处理 2082 包 | 活跃流 22 | 速率 52.0 pps | DPI: nDPI
2026-07-25 20:25:08,693.693 INFO     fluxeye.collector.pipeline [流水线统计] 处理 2710 包 | 活跃流 28 | 速率 54.2 pps | DPI: nDPI
2026-07-25 20:25:18,694.694 INFO     fluxeye.collector.pipeline [流水线统计] 处理 2905 包 | 活跃流 31 | 速率 48.4 pps | DPI: nDPI
2026-07-25 20:25:28,695.695 INFO     fluxeye.collector.pipeline [流水线统计] 处理 3172 包 | 活跃流 42 | 速率 45.3 pps | DPI: nDPI
2026-07-25 20:25:38,695.695 INFO     fluxeye.collector.pipeline [流水线统计] 处理 3397 包 | 活跃流 47 | 速率 42.4 pps | DPI: nDPI
2026-07-25 20:25:48,696.696 INFO     fluxeye.collector.pipeline [流水线统计] 处理 3569 包 | 活跃流 53 | 速率 39.6 pps | DPI: nDPI
2026-07-25 20:25:58,697.697 INFO     fluxeye.collector.pipeline [流水线统计] 处理 3771 包 | 活跃流 60 | 速率 37.7 pps | DPI: nDPI
2026-07-25 20:26:08,697.697 INFO     fluxeye.collector.pipeline [流水线统计] 处理 3836 包 | 活跃流 59 | 速率 34.9 pps | DPI: nDPI
2026-07-25 20:26:18,698.698 INFO     fluxeye.collector.pipeline [流水线统计] 处理 3976 包 | 活跃流 63 | 速率 33.1 pps | DPI: nDPI
2026-07-25 20:26:28,699.699 INFO     fluxeye.collector.pipeline [流水线统计] 处理 4251 包 | 活跃流 63 | 速率 32.7 pps | DPI: nDPI
2026-07-25 20:26:38,700.700 INFO     fluxeye.collector.pipeline [流水线统计] 处理 4522 包 | 活跃流 48 | 速率 32.3 pps | DPI: nDPI
2026-07-25 20:26:48,703.703 INFO     fluxeye.collector.pipeline [流水线统计] 处理 4657 包 | 活跃流 44 | 速率 31.0 pps | DPI: nDPI
2026-07-25 20:26:58,706.706 INFO     fluxeye.collector.pipeline [流水线统计] 处理 4748 包 | 活跃流 39 | 速率 29.7 pps | DPI: nDPI
2026-07-25 20:27:08,707.707 INFO     fluxeye.collector.pipeline [流水线统计] 处理 4831 包 | 活跃流 39 | 速率 28.4 pps | DPI: nDPI
2026-07-25 20:27:18,708.708 INFO     fluxeye.collector.pipeline [流水线统计] 处理 4894 包 | 活跃流 36 | 速率 27.2 pps | DPI: nDPI
2026-07-25 20:27:28,709.709 INFO     fluxeye.collector.pipeline [流水线统计] 处理 4950 包 | 活跃流 28 | 速率 26.0 pps | DPI: nDPI
2026-07-25 20:27:38,710.710 INFO     fluxeye.collector.pipeline [流水线统计] 处理 5114 包 | 活跃流 32 | 速率 25.6 pps | DPI: nDPI
2026-07-25 20:27:48,711.711 INFO     fluxeye.collector.pipeline [流水线统计] 处理 5155 包 | 活跃流 31 | 速率 24.5 pps | DPI: nDPI
2026-07-25 20:27:58,711.711 INFO     fluxeye.collector.pipeline [流水线统计] 处理 5206 包 | 活跃流 27 | 速率 23.7 pps | DPI: nDPI
2026-07-25 20:28:08,712.712 INFO     fluxeye.collector.pipeline [流水线统计] 处理 5244 包 | 活跃流 22 | 速率 22.8 pps | DPI: nDPI
2026-07-25 20:28:18,713.713 INFO     fluxeye.collector.pipeline [流水线统计] 处理 5300 包 | 活跃流 22 | 速率 22.1 pps | DPI: nDPI
2026-07-25 20:28:28,714.714 INFO     fluxeye.collector.pipeline [流水线统计] 处理 5402 包 | 活跃流 24 | 速率 21.6 pps | DPI: nDPI
2026-07-25 20:28:38,714.714 INFO     fluxeye.collector.pipeline [流水线统计] 处理 5504 包 | 活跃流 22 | 速率 21.2 pps | DPI: nDPI
2026-07-25 20:28:48,714.714 INFO     fluxeye.collector.pipeline [流水线统计] 处理 5574 包 | 活跃流 22 | 速率 20.6 pps | DPI: nDPI
2026-07-25 20:28:58,714.714 INFO     fluxeye.collector.pipeline [流水线统计] 处理 5646 包 | 活跃流 23 | 速率 20.2 pps | DPI: nDPI
2026-07-25 20:29:08,715.715 INFO     fluxeye.collector.pipeline [流水线统计] 处理 5697 包 | 活跃流 23 | 速率 19.6 pps | DPI: nDPI
2026-07-25 20:29:18,717.717 INFO     fluxeye.collector.pipeline [流水线统计] 处理 5737 包 | 活跃流 24 | 速率 19.1 pps | DPI: nDPI
2026-07-25 20:29:28,718.718 INFO     fluxeye.collector.pipeline [流水线统计] 处理 5839 包 | 活跃流 24 | 速率 18.8 pps | DPI: nDPI
2026-07-25 20:29:38,719.719 INFO     fluxeye.collector.pipeline [流水线统计] 处理 5909 包 | 活跃流 22 | 速率 18.5 pps | DPI: nDPI
2026-07-25 20:29:48,720.720 INFO     fluxeye.collector.pipeline [流水线统计] 处理 5995 包 | 活跃流 22 | 速率 18.2 pps | DPI: nDPI
2026-07-25 20:29:58,721.721 INFO     fluxeye.collector.pipeline [流水线统计] 处理 6102 包 | 活跃流 25 | 速率 17.9 pps | DPI: nDPI
2026-07-25 20:30:08,722.722 INFO     fluxeye.collector.pipeline [流水线统计] 处理 6197 包 | 活跃流 27 | 速率 17.7 pps | DPI: nDPI
2026-07-25 20:30:18,722.722 INFO     fluxeye.collector.pipeline [流水线统计] 处理 6356 包 | 活跃流 36 | 速率 17.7 pps | DPI: nDPI
2026-07-25 20:30:28,723.723 INFO     fluxeye.collector.pipeline [流水线统计] 处理 6565 包 | 活跃流 43 | 速率 17.7 pps | DPI: nDPI
2026-07-25 20:30:38,723.723 INFO     fluxeye.collector.pipeline [流水线统计] 处理 6808 包 | 活跃流 52 | 速率 17.9 pps | DPI: nDPI
2026-07-25 20:30:48,723.723 INFO     fluxeye.collector.pipeline [流水线统计] 处理 7008 包 | 活跃流 61 | 速率 18.0 pps | DPI: nDPI
2026-07-25 20:30:58,725.725 INFO     fluxeye.collector.pipeline [流水线统计] 处理 7351 包 | 活跃流 79 | 速率 18.4 pps | DPI: nDPI
2026-07-25 20:31:08,726.726 INFO     fluxeye.collector.pipeline [流水线统计] 处理 7708 包 | 活跃流 90 | 速率 18.8 pps | DPI: nDPI
2026-07-25 20:31:18,727.727 INFO     fluxeye.collector.pipeline [流水线统计] 处理 8050 包 | 活跃流 107 | 速率 19.2 pps | DPI: nDPI
2026-07-25 20:31:28,728.728 INFO     fluxeye.collector.pipeline [流水线统计] 处理 8342 包 | 活跃流 108 | 速率 19.4 pps | DPI: nDPI
2026-07-25 20:31:38,728.728 INFO     fluxeye.collector.pipeline [流水线统计] 处理 8426 包 | 活跃流 103 | 速率 19.1 pps | DPI: nDPI
2026-07-25 20:31:48,729.729 INFO     fluxeye.collector.pipeline [流水线统计] 处理 8512 包 | 活跃流 91 | 速率 18.9 pps | DPI: nDPI
2026-07-25 20:31:58,729.729 INFO     fluxeye.collector.pipeline [流水线统计] 处理 8580 包 | 活跃流 82 | 速率 18.6 pps | DPI: nDPI
2026-07-25 20:32:08,730.730 INFO     fluxeye.collector.pipeline [流水线统计] 处理 8600 包 | 活跃流 62 | 速率 18.3 pps | DPI: nDPI
2026-07-25 20:32:18,730.730 INFO     fluxeye.collector.pipeline [流水线统计] 处理 8620 包 | 活跃流 38 | 速率 18.0 pps | DPI: nDPI
2026-07-25 20:32:28,730.730 INFO     fluxeye.collector.pipeline [流水线统计] 处理 8690 包 | 活跃流 17 | 速率 17.7 pps | DPI: nDPI
2026-07-25 20:32:38,731.731 INFO     fluxeye.collector.pipeline [流水线统计] 处理 8890 包 | 活跃流 25 | 速率 17.8 pps | DPI: nDPI
2026-07-25 20:32:48,732.732 INFO     fluxeye.collector.pipeline [流水线统计] 处理 8958 包 | 活跃流 24 | 速率 17.6 pps | DPI: nDPI
2026-07-25 20:32:58,733.733 INFO     fluxeye.collector.pipeline [流水线统计] 处理 9124 包 | 活跃流 30 | 速率 17.5 pps | DPI: nDPI
2026-07-25 20:33:08,734.734 INFO     fluxeye.collector.pipeline [流水线统计] 处理 9208 包 | 活跃流 32 | 速率 17.4 pps | DPI: nDPI
2026-07-25 20:33:18,734.734 INFO     fluxeye.collector.pipeline [流水线统计] 处理 9276 包 | 活跃流 35 | 速率 17.2 pps | DPI: nDPI
2026-07-25 20:33:28,735.735 INFO     fluxeye.collector.pipeline [流水线统计] 处理 9362 包 | 活跃流 37 | 速率 17.0 pps | DPI: nDPI
2026-07-25 20:33:38,736.736 INFO     fluxeye.collector.pipeline [流水线统计] 处理 9494 包 | 活跃流 38 | 速率 17.0 pps | DPI: nDPI
2026-07-25 20:33:48,738.738 INFO     fluxeye.collector.pipeline [流水线统计] 处理 9562 包 | 活跃流 34 | 速率 16.8 pps | DPI: nDPI
2026-07-25 20:33:58,739.739 INFO     fluxeye.collector.pipeline [流水线统计] 处理 9786 包 | 活跃流 43 | 速率 16.9 pps | DPI: nDPI
2026-07-25 20:34:08,740.740 INFO     fluxeye.collector.pipeline [流水线统计] 处理 10270 包 | 活跃流 63 | 速率 17.4 pps | DPI: nDPI
2026-07-25 20:34:18,741.741 INFO     fluxeye.collector.pipeline [流水线统计] 处理 10569 包 | 活跃流 74 | 速率 17.6 pps | DPI: nDPI
2026-07-25 20:34:28,743.743 INFO     fluxeye.collector.pipeline [流水线统计] 处理 10807 包 | 活跃流 85 | 速率 17.7 pps | DPI: nDPI
2026-07-25 20:34:38,744.744 INFO     fluxeye.collector.pipeline [流水线统计] 处理 10893 包 | 活跃流 81 | 速率 17.6 pps | DPI: nDPI
2026-07-25 20:34:48,745.745 INFO     fluxeye.collector.pipeline [流水线统计] 处理 10947 包 | 活跃流 80 | 速率 17.4 pps | DPI: nDPI
2026-07-25 20:34:58,746.746 INFO     fluxeye.collector.pipeline [流水线统计] 处理 11092 包 | 活跃流 85 | 速率 17.3 pps | DPI: nDPI
2026-07-25 20:35:08,748.748 INFO     fluxeye.collector.pipeline [流水线统计] 处理 11148 包 | 活跃流 61 | 速率 17.1 pps | DPI: nDPI
2026-07-25 20:35:18,749.749 INFO     fluxeye.collector.pipeline [流水线统计] 处理 11268 包 | 活跃流 46 | 速率 17.1 pps | DPI: nDPI
2026-07-25 20:35:28,750.750 INFO     fluxeye.collector.pipeline [流水线统计] 处理 11655 包 | 活跃流 29 | 速率 17.4 pps | DPI: nDPI
2026-07-25 20:35:38,750.750 INFO     fluxeye.collector.pipeline [流水线统计] 处理 12505 包 | 活跃流 32 | 速率 18.4 pps | DPI: nDPI
2026-07-25 20:35:48,751.751 INFO     fluxeye.collector.pipeline [流水线统计] 处理 13114 包 | 活跃流 35 | 速率 19.0 pps | DPI: nDPI
2026-07-25 20:35:58,752.752 INFO     fluxeye.collector.pipeline [流水线统计] 处理 13718 包 | 活跃流 38 | 速率 19.6 pps | DPI: nDPI
2026-07-25 20:36:08,753.753 INFO     fluxeye.collector.pipeline [流水线统计] 处理 14257 包 | 活跃流 38 | 速率 20.1 pps | DPI: nDPI
2026-07-25 20:36:18,753.753 INFO     fluxeye.collector.pipeline [流水线统计] 处理 14344 包 | 活跃流 40 | 速率 19.9 pps | DPI: nDPI
2026-07-25 20:36:28,754.754 INFO     fluxeye.collector.pipeline [流水线统计] 处理 14433 包 | 活跃流 35 | 速率 19.8 pps | DPI: nDPI
2026-07-25 20:36:38,755.755 INFO     fluxeye.collector.pipeline [流水线统计] 处理 14799 包 | 活跃流 36 | 速率 20.0 pps | DPI: nDPI
2026-07-25 20:36:48,755.755 INFO     fluxeye.collector.pipeline [流水线统计] 处理 14862 包 | 活跃流 32 | 速率 19.8 pps | DPI: nDPI
2026-07-25 20:36:58,756.756 INFO     fluxeye.collector.pipeline [流水线统计] 处理 14973 包 | 活跃流 32 | 速率 19.7 pps | DPI: nDPI
2026-07-25 20:37:08,757.757 INFO     fluxeye.collector.pipeline [流水线统计] 处理 15041 包 | 活跃流 26 | 速率 19.5 pps | DPI: nDPI
2026-07-25 20:37:18,758.758 INFO     fluxeye.collector.pipeline [流水线统计] 处理 15095 包 | 活跃流 22 | 速率 19.3 pps | DPI: nDPI
2026-07-25 20:37:28,759.759 INFO     fluxeye.collector.pipeline [流水线统计] 处理 15167 包 | 活跃流 24 | 速率 19.2 pps | DPI: nDPI
2026-07-25 20:37:38,760.760 INFO     fluxeye.collector.pipeline [流水线统计] 处理 15223 包 | 活跃流 22 | 速率 19.0 pps | DPI: nDPI
2026-07-25 20:37:48,760.760 INFO     fluxeye.collector.pipeline [流水线统计] 处理 15313 包 | 活跃流 24 | 速率 18.9 pps | DPI: nDPI
2026-07-25 20:37:58,761.761 INFO     fluxeye.collector.pipeline [流水线统计] 处理 15379 包 | 活跃流 20 | 速率 18.8 pps | DPI: nDPI
2026-07-25 20:38:08,763.763 INFO     fluxeye.collector.pipeline [流水线统计] 处理 15453 包 | 活跃流 21 | 速率 18.6 pps | DPI: nDPI
2026-07-25 20:38:18,764.764 INFO     fluxeye.collector.pipeline [流水线统计] 处理 15523 包 | 活跃流 22 | 速率 18.5 pps | DPI: nDPI
2026-07-25 20:38:28,765.765 INFO     fluxeye.collector.pipeline [流水线统计] 处理 15607 包 | 活跃流 21 | 速率 18.4 pps | DPI: nDPI
2026-07-25 20:38:38,767.767 INFO     fluxeye.collector.pipeline [流水线统计] 处理 15663 包 | 活跃流 22 | 速率 18.2 pps | DPI: nDPI
2026-07-25 20:38:48,768.768 INFO     fluxeye.collector.pipeline [流水线统计] 处理 15738 包 | 活跃流 23 | 速率 18.1 pps | DPI: nDPI
2026-07-25 20:38:58,769.769 INFO     fluxeye.collector.pipeline [流水线统计] 处理 15894 包 | 活跃流 28 | 速率 18.1 pps | DPI: nDPI
2026-07-25 20:39:08,769.769 INFO     fluxeye.collector.pipeline [流水线统计] 处理 15969 包 | 活跃流 27 | 速率 17.9 pps | DPI: nDPI
2026-07-25 20:39:18,770.770 INFO     fluxeye.collector.pipeline [流水线统计] 处理 16021 包 | 活跃流 28 | 速率 17.8 pps | DPI: nDPI
2026-07-25 20:39:28,770.770 INFO     fluxeye.collector.pipeline [流水线统计] 处理 16091 包 | 活跃流 28 | 速率 17.7 pps | DPI: nDPI
2026-07-25 20:39:38,770.770 INFO     fluxeye.collector.pipeline [流水线统计] 处理 16221 包 | 活跃流 30 | 速率 17.6 pps | DPI: nDPI
2026-07-25 20:39:48,772.772 INFO     fluxeye.collector.pipeline [流水线统计] 处理 16297 包 | 活跃流 29 | 速率 17.5 pps | DPI: nDPI
2026-07-25 20:39:58,774.774 INFO     fluxeye.collector.pipeline [流水线统计] 处理 16337 包 | 活跃流 25 | 速率 17.4 pps | DPI: nDPI
2026-07-25 20:40:08,776.776 INFO     fluxeye.collector.pipeline [流水线统计] 处理 16393 包 | 活跃流 21 | 速率 17.3 pps | DPI: nDPI
2026-07-25 20:40:18,777.777 INFO     fluxeye.collector.pipeline [流水线统计] 处理 16445 包 | 活跃流 23 | 速率 17.1 pps | DPI: nDPI
2026-07-25 20:40:28,778.778 INFO     fluxeye.collector.pipeline [流水线统计] 处理 16707 包 | 活跃流 35 | 速率 17.2 pps | DPI: nDPI
2026-07-25 20:40:38,779.779 INFO     fluxeye.collector.pipeline [流水线统计] 处理 16905 包 | 活跃流 40 | 速率 17.2 pps | DPI: nDPI
2026-07-25 20:40:48,779.779 INFO     fluxeye.collector.pipeline [流水线统计] 处理 17059 包 | 活跃流 45 | 速率 17.2 pps | DPI: nDPI
2026-07-25 20:40:58,781.781 INFO     fluxeye.collector.pipeline [流水线统计] 处理 17267 包 | 活跃流 53 | 速率 17.3 pps | DPI: nDPI
2026-07-25 20:41:08,782.782 INFO     fluxeye.collector.pipeline [流水线统计] 处理 17331 包 | 活跃流 54 | 速率 17.2 pps | DPI: nDPI
2026-07-25 20:41:18,783.783 INFO     fluxeye.collector.pipeline [流水线统计] 处理 17467 包 | 活跃流 60 | 速率 17.1 pps | DPI: nDPI
2026-07-25 20:41:28,784.784 INFO     fluxeye.collector.pipeline [流水线统计] 处理 17615 包 | 活跃流 57 | 速率 17.1 pps | DPI: nDPI
2026-07-25 20:41:38,785.785 INFO     fluxeye.collector.pipeline [流水线统计] 处理 17701 包 | 活跃流 46 | 速率 17.0 pps | DPI: nDPI
2026-07-25 20:41:48,786.786 INFO     fluxeye.collector.pipeline [流水线统计] 处理 17788 包 | 活跃流 40 | 速率 16.9 pps | DPI: nDPI
2026-07-25 20:41:58,787.787 INFO     fluxeye.collector.pipeline [流水线统计] 处理 17892 包 | 活跃流 34 | 速率 16.9 pps | DPI: nDPI
2026-07-25 20:42:08,788.788 INFO     fluxeye.collector.pipeline [流水线统计] 处理 17964 包 | 活跃流 36 | 速率 16.8 pps | DPI: nDPI
2026-07-25 20:42:18,789.789 INFO     fluxeye.collector.pipeline [流水线统计] 处理 18000 包 | 活跃流 31 | 速率 16.7 pps | DPI: nDPI
2026-07-25 20:42:28,790.790 INFO     fluxeye.collector.pipeline [流水线统计] 处理 18054 包 | 活跃流 23 | 速率 16.6 pps | DPI: nDPI
2026-07-25 20:42:38,791.791 INFO     fluxeye.collector.pipeline [流水线统计] 处理 18222 包 | 活跃流 29 | 速率 16.6 pps | DPI: nDPI
2026-07-25 20:42:48,793.793 INFO     fluxeye.collector.pipeline [流水线统计] 处理 18263 包 | 活跃流 29 | 速率 16.5 pps | DPI: nDPI
2026-07-25 20:42:58,794.794 INFO     fluxeye.collector.pipeline [流水线统计] 处理 18314 包 | 活跃流 24 | 速率 16.3 pps | DPI: nDPI
2026-07-25 20:43:08,796.796 INFO     fluxeye.collector.pipeline [流水线统计] 处理 18354 包 | 活跃流 21 | 速率 16.2 pps | DPI: nDPI
2026-07-25 20:43:18,798.798 INFO     fluxeye.collector.pipeline [流水线统计] 处理 18409 包 | 活跃流 21 | 速率 16.1 pps | DPI: nDPI
2026-07-25 20:43:28,799.799 INFO     fluxeye.collector.pipeline [流水线统计] 处理 18509 包 | 活跃流 24 | 速率 16.1 pps | DPI: nDPI
2026-07-25 20:43:38,800.800 INFO     fluxeye.collector.pipeline [流水线统计] 处理 18611 包 | 活跃流 22 | 速率 16.0 pps | DPI: nDPI
2026-07-25 20:43:48,801.801 INFO     fluxeye.collector.pipeline [流水线统计] 处理 18679 包 | 活跃流 22 | 速率 16.0 pps | DPI: nDPI
2026-07-25 20:43:58,803.803 INFO     fluxeye.collector.pipeline [流水线统计] 处理 18747 包 | 活跃流 23 | 速率 15.9 pps | DPI: nDPI
2026-07-25 20:44:08,804.804 INFO     fluxeye.collector.pipeline [流水线统计] 处理 18767 包 | 活跃流 22 | 速率 15.8 pps | DPI: nDPI
2026-07-25 20:44:18,805.805 INFO     fluxeye.collector.pipeline [流水线统计] 处理 18805 包 | 活跃流 22 | 速率 15.7 pps | DPI: nDPI
2026-07-25 20:44:28,806.806 INFO     fluxeye.collector.pipeline [流水线统计] 处理 18905 包 | 活跃流 22 | 速率 15.6 pps | DPI: nDPI
2026-07-25 20:44:38,807.807 INFO     fluxeye.collector.pipeline [流水线统计] 处理 18972 包 | 活跃流 20 | 速率 15.5 pps | DPI: nDPI
2026-07-25 20:44:48,810.810 INFO     fluxeye.collector.pipeline [流水线统计] 处理 19058 包 | 活跃流 20 | 速率 15.5 pps | DPI: nDPI
2026-07-25 20:44:58,812.812 INFO     fluxeye.collector.pipeline [流水线统计] 处理 19168 包 | 活跃流 24 | 速率 15.5 pps | DPI: nDPI
2026-07-25 20:45:08,813.813 INFO     fluxeye.collector.pipeline [流水线统计] 处理 19258 包 | 活跃流 26 | 速率 15.4 pps | DPI: nDPI
2026-07-25 20:45:18,814.814 INFO     fluxeye.collector.pipeline [流水线统计] 处理 19424 包 | 活跃流 35 | 速率 15.4 pps | DPI: nDPI
2026-07-25 20:45:28,815.815 INFO     fluxeye.collector.pipeline [流水线统计] 处理 19620 包 | 活跃流 42 | 速率 15.4 pps | DPI: nDPI
2026-07-25 20:45:38,816.816 INFO     fluxeye.collector.pipeline [流水线统计] 处理 19874 包 | 活跃流 53 | 速率 15.5 pps | DPI: nDPI
2026-07-25 20:45:48,818.818 INFO     fluxeye.collector.pipeline [流水线统计] 处理 20091 包 | 活跃流 61 | 速率 15.6 pps | DPI: nDPI
2026-07-25 20:45:58,819.819 INFO     fluxeye.collector.pipeline [流水线统计] 处理 20438 包 | 活跃流 79 | 速率 15.7 pps | DPI: nDPI
2026-07-25 20:46:08,821.821 INFO     fluxeye.collector.pipeline [流水线统计] 处理 20825 包 | 活跃流 91 | 速率 15.9 pps | DPI: nDPI
2026-07-25 20:46:18,823.823 INFO     fluxeye.collector.pipeline [流水线统计] 处理 21167 包 | 活跃流 109 | 速率 16.0 pps | DPI: nDPI
2026-07-25 20:46:28,824.824 INFO     fluxeye.collector.pipeline [流水线统计] 处理 21461 包 | 活跃流 110 | 速率 16.1 pps | DPI: nDPI
2026-07-25 20:46:38,825.825 INFO     fluxeye.collector.pipeline [流水线统计] 处理 21547 包 | 活跃流 105 | 速率 16.1 pps | DPI: nDPI
2026-07-25 20:46:48,826.826 INFO     fluxeye.collector.pipeline [流水线统计] 处理 21637 包 | 活跃流 93 | 速率 16.0 pps | DPI: nDPI
2026-07-25 20:46:58,827.827 INFO     fluxeye.collector.pipeline [流水线统计] 处理 21707 包 | 活跃流 83 | 速率 16.0 pps | DPI: nDPI
2026-07-25 20:47:08,828.828 INFO     fluxeye.collector.pipeline [流水线统计] 处理 21729 包 | 活跃流 61 | 速率 15.9 pps | DPI: nDPI
2026-07-25 20:47:18,829.829 INFO     fluxeye.collector.pipeline [流水线统计] 处理 21751 包 | 活跃流 39 | 速率 15.8 pps | DPI: nDPI
2026-07-25 20:47:28,830.830 INFO     fluxeye.collector.pipeline [流水线统计] 处理 21821 包 | 活跃流 18 | 速率 15.7 pps | DPI: nDPI
2026-07-25 20:47:38,831.831 INFO     fluxeye.collector.pipeline [流水线统计] 处理 21992 包 | 活跃流 26 | 速率 15.7 pps | DPI: nDPI
2026-07-25 20:47:48,833.833 INFO     fluxeye.collector.pipeline [流水线统计] 处理 22059 包 | 活跃流 24 | 速率 15.6 pps | DPI: nDPI
2026-07-25 20:47:58,835.835 INFO     fluxeye.collector.pipeline [流水线统计] 处理 22225 包 | 活跃流 29 | 速率 15.6 pps | DPI: nDPI
2026-07-25 20:48:08,836.836 INFO     fluxeye.collector.pipeline [流水线统计] 处理 22328 包 | 活跃流 33 | 速率 15.6 pps | DPI: nDPI
2026-07-25 20:48:18,838.838 INFO     fluxeye.collector.pipeline [流水线统计] 处理 22414 包 | 活跃流 36 | 速率 15.6 pps | DPI: nDPI
2026-07-25 20:48:28,839.839 INFO     fluxeye.collector.pipeline [流水线统计] 处理 22498 包 | 活跃流 38 | 速率 15.5 pps | DPI: nDPI
2026-07-25 20:48:38,840.840 INFO     fluxeye.collector.pipeline [流水线统计] 处理 22657 包 | 活跃流 40 | 速率 15.5 pps | DPI: nDPI
2026-07-25 20:48:48,841.841 INFO     fluxeye.collector.pipeline [流水线统计] 处理 22725 包 | 活跃流 37 | 速率 15.5 pps | DPI: nDPI
2026-07-25 20:48:58,843.843 INFO     fluxeye.collector.pipeline [流水线统计] 处理 22931 包 | 活跃流 47 | 速率 15.5 pps | DPI: nDPI
2026-07-25 20:49:08,845.845 INFO     fluxeye.collector.pipeline [流水线统计] 处理 23358 包 | 活跃流 63 | 速率 15.7 pps | DPI: nDPI
2026-07-25 20:49:18,846.846 INFO     fluxeye.collector.pipeline [流水线统计] 处理 23636 包 | 活跃流 72 | 速率 15.8 pps | DPI: nDPI
2026-07-25 20:49:28,847.847 INFO     fluxeye.collector.pipeline [流水线统计] 处理 23889 包 | 活跃流 84 | 速率 15.8 pps | DPI: nDPI
2026-07-25 20:49:38,848.848 INFO     fluxeye.collector.pipeline [流水线统计] 处理 23973 包 | 活跃流 78 | 速率 15.8 pps | DPI: nDPI
2026-07-25 20:49:48,850.850 INFO     fluxeye.collector.pipeline [流水线统计] 处理 24025 包 | 活跃流 76 | 速率 15.7 pps | DPI: nDPI
2026-07-25 20:49:58,851.851 INFO     fluxeye.collector.pipeline [流水线统计] 处理 24170 包 | 活跃流 81 | 速率 15.7 pps | DPI: nDPI
2026-07-25 20:50:08,852.852 INFO     fluxeye.collector.pipeline [流水线统计] 处理 24221 包 | 活跃流 56 | 速率 15.6 pps | DPI: nDPI
2026-07-25 20:50:18,853.853 INFO     fluxeye.collector.pipeline [流水线统计] 处理 24273 包 | 活跃流 41 | 速率 15.6 pps | DPI: nDPI
2026-07-25 20:50:28,854.854 INFO     fluxeye.collector.pipeline [流水线统计] 处理 24343 包 | 活跃流 23 | 速率 15.5 pps | DPI: nDPI
2026-07-25 20:50:38,856.856 INFO     fluxeye.collector.pipeline [流水线统计] 处理 24443 包 | 活跃流 26 | 速率 15.5 pps | DPI: nDPI
2026-07-25 20:50:48,858.858 INFO     fluxeye.collector.pipeline [流水线统计] 处理 24552 包 | 活跃流 29 | 速率 15.4 pps | DPI: nDPI
2026-07-25 20:50:58,859.859 INFO     fluxeye.collector.pipeline [流水线统计] 处理 24678 包 | 活跃流 30 | 速率 15.4 pps | DPI: nDPI
2026-07-25 20:51:08,860.860 INFO     fluxeye.collector.pipeline [流水线统计] 处理 24809 包 | 活跃流 30 | 速率 15.4 pps | DPI: nDPI
2026-07-25 20:51:18,862.862 INFO     fluxeye.collector.pipeline [流水线统计] 处理 24831 包 | 活跃流 29 | 速率 15.3 pps | DPI: nDPI
2026-07-25 20:51:28,863.863 INFO     fluxeye.collector.pipeline [流水线统计] 处理 24885 包 | 活跃流 28 | 速率 15.3 pps | DPI: nDPI
2026-07-25 20:51:38,865.865 INFO     fluxeye.collector.pipeline [流水线统计] 处理 24955 包 | 活跃流 26 | 速率 15.2 pps | DPI: nDPI
2026-07-25 20:51:48,867.867 INFO     fluxeye.collector.pipeline [流水线统计] 处理 25013 包 | 活跃流 25 | 速率 15.2 pps | DPI: nDPI
2026-07-25 20:51:58,869.869 INFO     fluxeye.collector.pipeline [流水线统计] 处理 25065 包 | 活跃流 23 | 速率 15.1 pps | DPI: nDPI
2026-07-25 20:52:08,870.870 INFO     fluxeye.collector.pipeline [流水线统计] 处理 25104 包 | 活跃流 18 | 速率 15.0 pps | DPI: nDPI
2026-07-25 20:52:18,871.871 INFO     fluxeye.collector.pipeline [流水线统计] 处理 25160 包 | 活跃流 16 | 速率 15.0 pps | DPI: nDPI
2026-07-25 20:52:28,872.872 INFO     fluxeye.collector.pipeline [流水线统计] 处理 25228 包 | 活跃流 18 | 速率 14.9 pps | DPI: nDPI
2026-07-25 20:52:38,874.874 INFO     fluxeye.collector.pipeline [流水线统计] 处理 25282 包 | 活跃流 16 | 速率 14.9 pps | DPI: nDPI
2026-07-25 20:52:48,874.874 INFO     fluxeye.collector.pipeline [流水线统计] 处理 25372 包 | 活跃流 20 | 速率 14.8 pps | DPI: nDPI
2026-07-25 20:52:58,876.876 INFO     fluxeye.collector.pipeline [流水线统计] 处理 25424 包 | 活跃流 18 | 速率 14.8 pps | DPI: nDPI
2026-07-25 20:53:08,877.877 INFO     fluxeye.collector.pipeline [流水线统计] 处理 25465 包 | 活跃流 17 | 速率 14.7 pps | DPI: nDPI
2026-07-25 20:53:18,879.879 INFO     fluxeye.collector.pipeline [流水线统计] 处理 25533 包 | 活跃流 19 | 速率 14.7 pps | DPI: nDPI
2026-07-25 20:53:28,881.881 INFO     fluxeye.collector.pipeline [流水线统计] 处理 25619 包 | 活跃流 21 | 速率 14.6 pps | DPI: nDPI
2026-07-25 20:53:38,882.882 INFO     fluxeye.collector.pipeline [流水线统计] 处理 25676 包 | 活跃流 22 | 速率 14.6 pps | DPI: nDPI
2026-07-25 20:53:48,883.883 INFO     fluxeye.collector.pipeline [流水线统计] 处理 25755 包 | 活跃流 22 | 速率 14.5 pps | DPI: nDPI
2026-07-25 20:53:58,885.885 INFO     fluxeye.collector.pipeline [流水线统计] 处理 25938 包 | 活跃流 28 | 速率 14.6 pps | DPI: nDPI
2026-07-25 20:54:08,886.886 INFO     fluxeye.collector.pipeline [流水线统计] 处理 25974 包 | 活跃流 27 | 速率 14.5 pps | DPI: nDPI
2026-07-25 20:54:18,887.887 INFO     fluxeye.collector.pipeline [流水线统计] 处理 26026 包 | 活跃流 25 | 速率 14.5 pps | DPI: nDPI
2026-07-25 20:54:28,888.888 INFO     fluxeye.collector.pipeline [流水线统计] 处理 26096 包 | 活跃流 25 | 速率 14.4 pps | DPI: nDPI
2026-07-25 20:54:38,889.889 INFO     fluxeye.collector.pipeline [流水线统计] 处理 26196 包 | 活跃流 28 | 速率 14.4 pps | DPI: nDPI
2026-07-25 20:54:48,892.892 INFO     fluxeye.collector.pipeline [流水线统计] 处理 26248 包 | 活跃流 26 | 速率 14.3 pps | DPI: nDPI
2026-07-25 20:54:58,893.893 INFO     fluxeye.collector.pipeline [流水线统计] 处理 26286 包 | 活跃流 21 | 速率 14.3 pps | DPI: nDPI
2026-07-25 20:55:08,894.894 INFO     fluxeye.collector.pipeline [流水线统计] 处理 26338 包 | 活跃流 18 | 速率 14.2 pps | DPI: nDPI
2026-07-25 20:55:18,897.897 INFO     fluxeye.collector.pipeline [流水线统计] 处理 26390 包 | 活跃流 20 | 速率 14.2 pps | DPI: nDPI
2026-07-25 20:55:28,899.899 INFO     fluxeye.collector.pipeline [流水线统计] 处理 26650 包 | 活跃流 32 | 速率 14.2 pps | DPI: nDPI
2026-07-25 20:55:38,901.901 INFO     fluxeye.collector.pipeline [流水线统计] 处理 26837 包 | 活跃流 38 | 速率 14.3 pps | DPI: nDPI
2026-07-25 20:55:48,902.902 INFO     fluxeye.collector.pipeline [流水线统计] 处理 26996 包 | 活跃流 43 | 速率 14.3 pps | DPI: nDPI
2026-07-25 20:55:58,903.903 INFO     fluxeye.collector.pipeline [流水线统计] 处理 27191 包 | 活跃流 52 | 速率 14.3 pps | DPI: nDPI
2026-07-25 20:56:08,904.904 INFO     fluxeye.collector.pipeline [流水线统计] 处理 27229 包 | 活跃流 52 | 速率 14.3 pps | DPI: nDPI
2026-07-25 20:56:18,905.905 INFO     fluxeye.collector.pipeline [流水线统计] 处理 27361 包 | 活跃流 58 | 速率 14.2 pps | DPI: nDPI
2026-07-25 20:56:28,907.907 INFO     fluxeye.collector.pipeline [流水线统计] 处理 27536 包 | 活跃流 57 | 速率 14.3 pps | DPI: nDPI
2026-07-25 20:56:38,908.908 INFO     fluxeye.collector.pipeline [流水线统计] 处理 27804 包 | 活跃流 52 | 速率 14.3 pps | DPI: nDPI
2026-07-25 20:56:48,911.911 INFO     fluxeye.collector.pipeline [流水线统计] 处理 27954 包 | 活跃流 49 | 速率 14.3 pps | DPI: nDPI
2026-07-25 20:56:58,912.912 INFO     fluxeye.collector.pipeline [流水线统计] 处理 28054 包 | 活跃流 43 | 速率 14.3 pps | DPI: nDPI
2026-07-25 20:57:08,913.913 INFO     fluxeye.collector.pipeline [流水线统计] 处理 28124 包 | 活跃流 46 | 速率 14.3 pps | DPI: nDPI
2026-07-25 20:57:18,914.914 INFO     fluxeye.collector.pipeline [流水线统计] 处理 28160 包 | 活跃流 41 | 速率 14.2 pps | DPI: nDPI
2026-07-25 20:57:28,916.916 INFO     fluxeye.collector.pipeline [流水线统计] 处理 28212 包 | 活跃流 34 | 速率 14.2 pps | DPI: nDPI
2026-07-25 20:57:38,917.917 INFO     fluxeye.collector.pipeline [流水线统计] 处理 28376 包 | 活跃流 31 | 速率 14.2 pps | DPI: nDPI
2026-07-25 20:57:48,919.919 INFO     fluxeye.collector.pipeline [流水线统计] 处理 28430 包 | 活跃流 29 | 速率 14.1 pps | DPI: nDPI
2026-07-25 20:57:58,920.920 INFO     fluxeye.collector.pipeline [流水线统计] 处理 28466 包 | 活跃流 25 | 速率 14.1 pps | DPI: nDPI
2026-07-25 20:58:08,924.924 INFO     fluxeye.collector.pipeline [流水线统计] 处理 28502 包 | 活跃流 20 | 速率 14.0 pps | DPI: nDPI
2026-07-25 20:58:18,925.925 INFO     fluxeye.collector.pipeline [流水线统计] 处理 28555 包 | 活跃流 20 | 速率 14.0 pps | DPI: nDPI
2026-07-25 20:58:28,926.926 INFO     fluxeye.collector.pipeline [流水线统计] 处理 28657 包 | 活跃流 23 | 速率 14.0 pps | DPI: nDPI
2026-07-25 20:58:38,927.927 INFO     fluxeye.collector.pipeline [流水线统计] 处理 28757 包 | 活跃流 21 | 速率 14.0 pps | DPI: nDPI
2026-07-25 20:58:48,927.927 INFO     fluxeye.collector.pipeline [流水线统计] 处理 28866 包 | 活跃流 22 | 速率 13.9 pps | DPI: nDPI
2026-07-25 20:58:58,928.928 INFO     fluxeye.collector.pipeline [流水线统计] 处理 28934 包 | 活跃流 23 | 速率 13.9 pps | DPI: nDPI
2026-07-25 20:59:08,929.929 INFO     fluxeye.collector.pipeline [流水线统计] 处理 28956 包 | 活跃流 23 | 速率 13.9 pps | DPI: nDPI
2026-07-25 20:59:18,930.930 INFO     fluxeye.collector.pipeline [流水线统计] 处理 28992 包 | 活跃流 23 | 速率 13.8 pps | DPI: nDPI
2026-07-25 20:59:28,932.932 INFO     fluxeye.collector.pipeline [流水线统计] 处理 29092 包 | 活跃流 23 | 速率 13.8 pps | DPI: nDPI
2026-07-25 20:59:38,933.933 INFO     fluxeye.collector.pipeline [流水线统计] 处理 29162 包 | 活跃流 22 | 速率 13.8 pps | DPI: nDPI
2026-07-25 20:59:48,934.934 INFO     fluxeye.collector.pipeline [流水线统计] 处理 29246 包 | 活跃流 20 | 速率 13.7 pps | DPI: nDPI
2026-07-25 20:59:58,934.934 INFO     fluxeye.collector.pipeline [流水线统计] 处理 29367 包 | 活跃流 24 | 速率 13.7 pps | DPI: nDPI
2026-07-25 21:00:08,935.935 INFO     fluxeye.collector.pipeline [流水线统计] 处理 29448 包 | 活跃流 26 | 速率 13.7 pps | DPI: nDPI
2026-07-25 21:00:18,937.937 INFO     fluxeye.collector.pipeline [流水线统计] 处理 29612 包 | 活跃流 35 | 速率 13.7 pps | DPI: nDPI
2026-07-25 21:00:28,938.938 INFO     fluxeye.collector.pipeline [流水线统计] 处理 29808 包 | 活跃流 42 | 速率 13.7 pps | DPI: nDPI
2026-07-25 21:00:38,939.939 INFO     fluxeye.collector.pipeline [流水线统计] 处理 30075 包 | 活跃流 53 | 速率 13.8 pps | DPI: nDPI
2026-07-25 21:00:48,940.940 INFO     fluxeye.collector.pipeline [流水线统计] 处理 30250 包 | 活跃流 60 | 速率 13.8 pps | DPI: nDPI
2026-07-25 21:00:58,942.942 INFO     fluxeye.collector.pipeline [流水线统计] 处理 30590 包 | 活跃流 78 | 速率 13.9 pps | DPI: nDPI
2026-07-25 21:01:08,943.943 INFO     fluxeye.collector.pipeline [流水线统计] 处理 30947 包 | 活跃流 89 | 速率 14.0 pps | DPI: nDPI
2026-07-25 21:01:18,945.945 INFO     fluxeye.collector.pipeline [流水线统计] 处理 31289 包 | 活跃流 105 | 速率 14.1 pps | DPI: nDPI
2026-07-25 21:01:28,946.946 INFO     fluxeye.collector.pipeline [流水线统计] 处理 31581 包 | 活跃流 108 | 速率 14.2 pps | DPI: nDPI
2026-07-25 21:01:38,948.948 INFO     fluxeye.collector.pipeline [流水线统计] 处理 31664 包 | 活跃流 103 | 速率 14.1 pps | DPI: nDPI
2026-07-25 21:01:48,948.948 INFO     fluxeye.collector.pipeline [流水线统计] 处理 31750 包 | 活跃流 91 | 速率 14.1 pps | DPI: nDPI
2026-07-25 21:01:58,950.950 INFO     fluxeye.collector.pipeline [流水线统计] 处理 31818 包 | 活跃流 80 | 速率 14.1 pps | DPI: nDPI
2026-07-25 21:02:08,953.953 INFO     fluxeye.collector.pipeline [流水线统计] 处理 31838 包 | 活跃流 60 | 速率 14.0 pps | DPI: nDPI
2026-07-25 21:02:18,954.954 INFO     fluxeye.collector.pipeline [流水线统计] 处理 31860 包 | 活跃流 38 | 速率 14.0 pps | DPI: nDPI
2026-07-25 21:02:28,956.956 INFO     fluxeye.collector.pipeline [流水线统计] 处理 31928 包 | 活跃流 17 | 速率 13.9 pps | DPI: nDPI
2026-07-25 21:02:38,957.957 INFO     fluxeye.collector.pipeline [流水线统计] 处理 32319 包 | 活跃流 34 | 速率 14.0 pps | DPI: nDPI
2026-07-25 21:02:48,958.958 INFO     fluxeye.collector.pipeline [流水线统计] 处理 32373 包 | 活跃流 32 | 速率 14.0 pps | DPI: nDPI
2026-07-25 21:02:58,959.959 INFO     fluxeye.collector.pipeline [流水线统计] 处理 32537 包 | 活跃流 37 | 速率 14.0 pps | DPI: nDPI
2026-07-25 21:03:08,960.960 INFO     fluxeye.collector.pipeline [流水线统计] 处理 32621 包 | 活跃流 40 | 速率 14.0 pps | DPI: nDPI
2026-07-25 21:03:18,963.963 INFO     fluxeye.collector.pipeline [流水线统计] 处理 32729 包 | 活跃流 45 | 速率 14.0 pps | DPI: nDPI
2026-07-25 21:03:28,964.964 INFO     fluxeye.collector.pipeline [流水线统计] 处理 32845 包 | 活跃流 48 | 速率 14.0 pps | DPI: nDPI
2026-07-25 21:03:38,965.965 INFO     fluxeye.collector.pipeline [流水线统计] 处理 32979 包 | 活跃流 44 | 速率 14.0 pps | DPI: nDPI
2026-07-25 21:03:48,966.966 INFO     fluxeye.collector.pipeline [流水线统计] 处理 33047 包 | 活跃流 37 | 速率 13.9 pps | DPI: nDPI
2026-07-25 21:03:58,966.966 INFO     fluxeye.collector.pipeline [流水线统计] 处理 33275 包 | 活跃流 46 | 速率 14.0 pps | DPI: nDPI
2026-07-25 21:04:08,967.967 INFO     fluxeye.collector.pipeline [流水线统计] 处理 33704 包 | 活跃流 64 | 速率 14.1 pps | DPI: nDPI
2026-07-25 21:04:18,968.968 INFO     fluxeye.collector.pipeline [流水线统计] 处理 34011 包 | 活跃流 77 | 速率 14.2 pps | DPI: nDPI
2026-07-25 21:04:28,969.969 INFO     fluxeye.collector.pipeline [流水线统计] 处理 34241 包 | 活跃流 84 | 速率 14.2 pps | DPI: nDPI
2026-07-25 21:04:38,970.970 INFO     fluxeye.collector.pipeline [流水线统计] 处理 34325 包 | 活跃流 78 | 速率 14.2 pps | DPI: nDPI
2026-07-25 21:04:48,970.970 INFO     fluxeye.collector.pipeline [流水线统计] 处理 34379 包 | 活跃流 78 | 速率 14.1 pps | DPI: nDPI
2026-07-25 21:04:58,971.971 INFO     fluxeye.collector.pipeline [流水线统计] 处理 34495 包 | 活跃流 81 | 速率 14.1 pps | DPI: nDPI
2026-07-25 21:05:08,973.973 INFO     fluxeye.collector.pipeline [流水线统计] 处理 34547 包 | 活跃流 56 | 速率 14.1 pps | DPI: nDPI
2026-07-25 21:05:18,973.973 INFO     fluxeye.collector.pipeline [流水线统计] 处理 34601 包 | 活跃流 41 | 速率 14.1 pps | DPI: nDPI
2026-07-25 21:05:28,975.975 INFO     fluxeye.collector.pipeline [流水线统计] 处理 34714 包 | 活跃流 24 | 速率 14.1 pps | DPI: nDPI
2026-07-25 21:05:38,977.977 INFO     fluxeye.collector.pipeline [流水线统计] 处理 34814 包 | 活跃流 26 | 速率 14.0 pps | DPI: nDPI
2026-07-25 21:05:48,978.978 INFO     fluxeye.collector.pipeline [流水线统计] 处理 34900 包 | 活跃流 28 | 速率 14.0 pps | DPI: nDPI
2026-07-25 21:05:58,978.978 INFO     fluxeye.collector.pipeline [流水线统计] 处理 35016 包 | 活跃流 30 | 速率 14.0 pps | DPI: nDPI
2026-07-25 21:06:08,979.979 INFO     fluxeye.collector.pipeline [流水线统计] 处理 35116 包 | 活跃流 30 | 速率 14.0 pps | DPI: nDPI
2026-07-25 21:06:18,981.981 INFO     fluxeye.collector.pipeline [流水线统计] 处理 35138 包 | 活跃流 29 | 速率 13.9 pps | DPI: nDPI
2026-07-25 21:06:28,982.982 INFO     fluxeye.collector.pipeline [流水线统计] 处理 35215 包 | 活跃流 29 | 速率 13.9 pps | DPI: nDPI
2026-07-25 21:06:38,983.983 INFO     fluxeye.collector.pipeline [流水线统计] 处理 35283 包 | 活跃流 25 | 速率 13.9 pps | DPI: nDPI
2026-07-25 21:06:48,985.985 INFO     fluxeye.collector.pipeline [流水线统计] 处理 35334 包 | 活跃流 23 | 速率 13.9 pps | DPI: nDPI
2026-07-25 21:06:58,986.986 INFO     fluxeye.collector.pipeline [流水线统计] 处理 35387 包 | 活跃流 22 | 速率 13.8 pps | DPI: nDPI
2026-07-25 21:07:08,987.987 INFO     fluxeye.collector.pipeline [流水线统计] 处理 35424 包 | 活跃流 18 | 速率 13.8 pps | DPI: nDPI
2026-07-25 21:07:18,988.988 INFO     fluxeye.collector.pipeline [流水线统计] 处理 35475 包 | 活跃流 16 | 速率 13.7 pps | DPI: nDPI
2026-07-25 21:07:28,988.988 INFO     fluxeye.collector.pipeline [流水线统计] 处理 35544 包 | 活跃流 16 | 速率 13.7 pps | DPI: nDPI
2026-07-25 21:07:38,989.989 INFO     fluxeye.collector.pipeline [流水线统计] 处理 35598 包 | 活跃流 16 | 速率 13.7 pps | DPI: nDPI
2026-07-25 21:07:48,990.990 INFO     fluxeye.collector.pipeline [流水线统计] 处理 35682 包 | 活跃流 18 | 速率 13.7 pps | DPI: nDPI
2026-07-25 21:07:58,991.991 INFO     fluxeye.collector.pipeline [流水线统计] 处理 35733 包 | 活跃流 16 | 速率 13.6 pps | DPI: nDPI
2026-07-25 21:08:08,992.992 INFO     fluxeye.collector.pipeline [流水线统计] 处理 35771 包 | 活跃流 17 | 速率 13.6 pps | DPI: nDPI
2026-07-25 21:08:18,992.992 INFO     fluxeye.collector.pipeline [流水线统计] 处理 35839 包 | 活跃流 19 | 速率 13.6 pps | DPI: nDPI
2026-07-25 21:08:28,993.993 INFO     fluxeye.collector.pipeline [流水线统计] 处理 35923 包 | 活跃流 20 | 速率 13.6 pps | DPI: nDPI
2026-07-25 21:08:38,994.994 INFO     fluxeye.collector.pipeline [流水线统计] 处理 35991 包 | 活跃流 21 | 速率 13.5 pps | DPI: nDPI
2026-07-25 21:08:48,994.994 INFO     fluxeye.collector.pipeline [流水线统计] 处理 36061 包 | 活跃流 21 | 速率 13.5 pps | DPI: nDPI
2026-07-25 21:08:58,996.996 INFO     fluxeye.collector.pipeline [流水线统计] 处理 36209 包 | 活跃流 26 | 速率 13.5 pps | DPI: nDPI
2026-07-25 21:09:08,997.997 INFO     fluxeye.collector.pipeline [流水线统计] 处理 36245 包 | 活跃流 25 | 速率 13.5 pps | DPI: nDPI
2026-07-25 21:09:18,998.998 INFO     fluxeye.collector.pipeline [流水线统计] 处理 36299 包 | 活跃流 24 | 速率 13.4 pps | DPI: nDPI
2026-07-25 21:09:28,999.999 INFO     fluxeye.collector.pipeline [流水线统计] 处理 36367 包 | 活跃流 24 | 速率 13.4 pps | DPI: nDPI
2026-07-25 21:09:39,000.000 INFO     fluxeye.collector.pipeline [流水线统计] 处理 36467 包 | 活跃流 27 | 速率 13.4 pps | DPI: nDPI
2026-07-25 21:09:48,999.999 INFO     fluxeye.collector.pipeline [流水线统计] 处理 36521 包 | 活跃流 25 | 速率 13.4 pps | DPI: nDPI
2026-07-25 21:09:59,001.001 INFO     fluxeye.collector.pipeline [流水线统计] 处理 36557 包 | 活跃流 21 | 速率 13.3 pps | DPI: nDPI
2026-07-25 21:10:09,001.001 INFO     fluxeye.collector.pipeline [流水线统计] 处理 36609 包 | 活跃流 18 | 速率 13.3 pps | DPI: nDPI
2026-07-25 21:10:19,002.002 INFO     fluxeye.collector.pipeline [流水线统计] 处理 36663 包 | 活跃流 20 | 速率 13.3 pps | DPI: nDPI
2026-07-25 21:10:29,003.003 INFO     fluxeye.collector.pipeline [流水线统计] 处理 36928 包 | 活跃流 33 | 速率 13.3 pps | DPI: nDPI
2026-07-25 21:10:39,003.003 INFO     fluxeye.collector.pipeline [流水线统计] 处理 37119 包 | 活跃流 38 | 速率 13.4 pps | DPI: nDPI
2026-07-25 21:10:49,003.003 INFO     fluxeye.collector.pipeline [流水线统计] 处理 37267 包 | 活跃流 42 | 速率 13.4 pps | DPI: nDPI
2026-07-25 21:10:59,006.006 INFO     fluxeye.collector.pipeline [流水线统计] 处理 37465 包 | 活跃流 52 | 速率 13.4 pps | DPI: nDPI
2026-07-25 21:11:09,006.006 INFO     fluxeye.collector.pipeline [流水线统计] 处理 37501 包 | 活跃流 51 | 速率 13.3 pps | DPI: nDPI
2026-07-25 21:11:19,007.007 INFO     fluxeye.collector.pipeline [流水线统计] 处理 37643 包 | 活跃流 60 | 速率 13.3 pps | DPI: nDPI
2026-07-25 21:11:29,008.008 INFO     fluxeye.collector.pipeline [流水线统计] 处理 37783 包 | 活跃流 54 | 速率 13.3 pps | DPI: nDPI
2026-07-25 21:11:39,009.009 INFO     fluxeye.collector.pipeline [流水线统计] 处理 37883 包 | 活跃流 44 | 速率 13.3 pps | DPI: nDPI
2026-07-25 21:11:49,010.010 INFO     fluxeye.collector.pipeline [流水线统计] 处理 37967 包 | 活跃流 38 | 速率 13.3 pps | DPI: nDPI
2026-07-25 21:11:59,010.010 INFO     fluxeye.collector.pipeline [流水线统计] 处理 38096 包 | 活跃流 33 | 速率 13.3 pps | DPI: nDPI
2026-07-25 21:12:09,011.011 INFO     fluxeye.collector.pipeline [流水线统计] 处理 38166 包 | 活跃流 36 | 速率 13.3 pps | DPI: nDPI
2026-07-25 21:12:19,012.012 INFO     fluxeye.collector.pipeline [流水线统计] 处理 38202 包 | 活跃流 31 | 速率 13.3 pps | DPI: nDPI
2026-07-25 21:12:29,013.013 INFO     fluxeye.collector.pipeline [流水线统计] 处理 38258 包 | 活跃流 24 | 速率 13.2 pps | DPI: nDPI
2026-07-25 21:12:39,014.014 INFO     fluxeye.collector.pipeline [流水线统计] 处理 38720 包 | 活跃流 34 | 速率 13.4 pps | DPI: nDPI
2026-07-25 21:12:49,014.014 INFO     fluxeye.collector.pipeline [流水线统计] 处理 39503 包 | 活跃流 37 | 速率 13.6 pps | DPI: nDPI
2026-07-25 21:12:59,015.015 INFO     fluxeye.collector.pipeline [流水线统计] 处理 40263 包 | 活跃流 36 | 速率 13.8 pps | DPI: nDPI
2026-07-25 21:13:09,016.016 INFO     fluxeye.collector.pipeline [流水线统计] 处理 40922 包 | 活跃流 33 | 速率 14.0 pps | DPI: nDPI
2026-07-25 21:13:19,017.017 INFO     fluxeye.collector.pipeline [流水线统计] 处理 41472 包 | 活跃流 35 | 速率 14.1 pps | DPI: nDPI
2026-07-25 21:13:29,018.018 INFO     fluxeye.collector.pipeline [流水线统计] 处理 42051 包 | 活跃流 39 | 速率 14.3 pps | DPI: nDPI
2026-07-25 21:13:39,019.019 INFO     fluxeye.collector.pipeline [流水线统计] 处理 42388 包 | 活跃流 35 | 速率 14.3 pps | DPI: nDPI
2026-07-25 21:13:49,019.019 INFO     fluxeye.collector.pipeline [流水线统计] 处理 42495 包 | 活跃流 36 | 速率 14.3 pps | DPI: nDPI
2026-07-25 21:13:59,019.019 INFO     fluxeye.collector.pipeline [流水线统计] 处理 42603 包 | 活跃流 33 | 速率 14.3 pps | DPI: nDPI
2026-07-25 21:14:09,020.020 INFO     fluxeye.collector.pipeline [流水线统计] 处理 42924 包 | 活跃流 32 | 速率 14.4 pps | DPI: nDPI
2026-07-25 21:14:19,020.020 INFO     fluxeye.collector.pipeline [流水线统计] 处理 43347 包 | 活跃流 35 | 速率 14.4 pps | DPI: nDPI
2026-07-25 21:14:29,021.021 INFO     fluxeye.collector.pipeline [流水线统计] 处理 44014 包 | 活跃流 34 | 速率 14.6 pps | DPI: nDPI
2026-07-25 21:14:39,020.020 INFO     fluxeye.collector.pipeline [流水线统计] 处理 44618 包 | 活跃流 33 | 速率 14.8 pps | DPI: nDPI
2026-07-25 21:14:49,021.021 INFO     fluxeye.collector.pipeline [流水线统计] 处理 45277 包 | 活跃流 30 | 速率 14.9 pps | DPI: nDPI
2026-07-25 21:14:59,021.021 INFO     fluxeye.collector.pipeline [流水线统计] 处理 45952 包 | 活跃流 34 | 速率 15.1 pps | DPI: nDPI
2026-07-25 21:15:09,021.021 INFO     fluxeye.collector.pipeline [流水线统计] 处理 46621 包 | 活跃流 36 | 速率 15.3 pps | DPI: nDPI
2026-07-25 21:15:19,022.022 INFO     fluxeye.collector.pipeline [流水线统计] 处理 47244 包 | 活跃流 45 | 速率 15.4 pps | DPI: nDPI
2026-07-25 21:15:29,021.021 INFO     fluxeye.collector.pipeline [流水线统计] 处理 47946 包 | 活跃流 53 | 速率 15.6 pps | DPI: nDPI
2026-07-25 21:15:39,022.022 INFO     fluxeye.collector.pipeline [流水线统计] 处理 48629 包 | 活跃流 63 | 速率 15.8 pps | DPI: nDPI
2026-07-25 21:15:49,025.025 INFO     fluxeye.collector.pipeline [流水线统计] 处理 49239 包 | 活跃流 71 | 速率 15.9 pps | DPI: nDPI
2026-07-25 21:15:59,025.025 INFO     fluxeye.collector.pipeline [流水线统计] 处理 50017 包 | 活跃流 89 | 速率 16.1 pps | DPI: nDPI
2026-07-25 21:16:09,026.026 INFO     fluxeye.collector.pipeline [流水线统计] 处理 50475 包 | 活跃流 99 | 速率 16.2 pps | DPI: nDPI
2026-07-25 21:16:19,027.027 INFO     fluxeye.collector.pipeline [流水线统计] 处理 50881 包 | 活跃流 115 | 速率 16.3 pps | DPI: nDPI
2026-07-25 21:16:29,028.028 INFO     fluxeye.collector.pipeline [流水线统计] 处理 51289 包 | 活跃流 117 | 速率 16.4 pps | DPI: nDPI
2026-07-25 21:16:39,028.028 INFO     fluxeye.collector.pipeline [流水线统计] 处理 51782 包 | 活跃流 112 | 速率 16.5 pps | DPI: nDPI
2026-07-25 21:16:49,029.029 INFO     fluxeye.collector.pipeline [流水线统计] 处理 52126 包 | 活跃流 99 | 速率 16.5 pps | DPI: nDPI
2026-07-25 21:16:59,030.030 INFO     fluxeye.collector.pipeline [流水线统计] 处理 52202 包 | 活跃流 88 | 速率 16.5 pps | DPI: nDPI
2026-07-25 21:17:09,031.031 INFO     fluxeye.collector.pipeline [流水线统计] 处理 52262 包 | 活跃流 66 | 速率 16.5 pps | DPI: nDPI
2026-07-25 21:17:19,031.031 INFO     fluxeye.collector.pipeline [流水线统计] 处理 52292 包 | 活跃流 45 | 速率 16.4 pps | DPI: nDPI
2026-07-25 21:17:29,031.031 INFO     fluxeye.collector.pipeline [流水线统计] 处理 52387 包 | 活跃流 24 | 速率 16.4 pps | DPI: nDPI
2026-07-25 21:17:39,032.032 INFO     fluxeye.collector.pipeline [流水线统计] 处理 52575 包 | 活跃流 30 | 速率 16.4 pps | DPI: nDPI
2026-07-25 21:17:49,032.032 INFO     fluxeye.collector.pipeline [流水线统计] 处理 52666 包 | 活跃流 27 | 速率 16.4 pps | DPI: nDPI
2026-07-25 21:17:59,033.033 INFO     fluxeye.collector.pipeline [流水线统计] 处理 52842 包 | 活跃流 32 | 速率 16.4 pps | DPI: nDPI
2026-07-25 21:18:09,034.034 INFO     fluxeye.collector.pipeline [流水线统计] 处理 52958 包 | 活跃流 35 | 速率 16.4 pps | DPI: nDPI
2026-07-25 21:18:19,039.039 INFO     fluxeye.collector.pipeline [流水线统计] 处理 53433 包 | 活跃流 41 | 速率 16.5 pps | DPI: nDPI
2026-07-25 21:18:29,040.040 INFO     fluxeye.collector.pipeline [流水线统计] 处理 54120 包 | 活跃流 45 | 速率 16.7 pps | DPI: nDPI
2026-07-25 21:18:39,040.040 INFO     fluxeye.collector.pipeline [流水线统计] 处理 54727 包 | 活跃流 46 | 速率 16.8 pps | DPI: nDPI
2026-07-25 21:18:49,041.041 INFO     fluxeye.collector.pipeline [流水线统计] 处理 55191 包 | 活跃流 42 | 速率 16.9 pps | DPI: nDPI
2026-07-25 21:18:59,041.041 INFO     fluxeye.collector.pipeline [流水线统计] 处理 55785 包 | 活跃流 54 | 速率 17.0 pps | DPI: nDPI
2026-07-25 21:19:09,041.041 INFO     fluxeye.collector.pipeline [流水线统计] 处理 56626 包 | 活跃流 71 | 速率 17.2 pps | DPI: nDPI
2026-07-25 21:19:19,042.042 INFO     fluxeye.collector.pipeline [流水线统计] 处理 57437 包 | 活跃流 84 | 速率 17.4 pps | DPI: nDPI
2026-07-25 21:19:29,043.043 INFO     fluxeye.collector.pipeline [流水线统计] 处理 58080 包 | 活跃流 94 | 速率 17.5 pps | DPI: nDPI
2026-07-25 21:19:39,044.044 INFO     fluxeye.collector.pipeline [流水线统计] 处理 58585 包 | 活跃流 88 | 速率 17.6 pps | DPI: nDPI
2026-07-25 21:19:49,046.046 INFO     fluxeye.collector.pipeline [流水线统计] 处理 59033 包 | 活跃流 86 | 速率 17.7 pps | DPI: nDPI
2026-07-25 21:19:59,046.046 INFO     fluxeye.collector.pipeline [流水线统计] 处理 59728 包 | 活跃流 91 | 速率 17.9 pps | DPI: nDPI
2026-07-25 21:20:09,046.046 INFO     fluxeye.collector.pipeline [流水线统计] 处理 60160 包 | 活跃流 68 | 速率 18.0 pps | DPI: nDPI
2026-07-25 21:20:19,047.047 INFO     fluxeye.collector.pipeline [流水线统计] 处理 60623 包 | 活跃流 52 | 速率 18.0 pps | DPI: nDPI
2026-07-25 21:20:29,048.048 INFO     fluxeye.collector.pipeline [流水线统计] 处理 60874 包 | 活跃流 33 | 速率 18.1 pps | DPI: nDPI
2026-07-25 21:20:39,049.049 INFO     fluxeye.collector.pipeline [流水线统计] 处理 60986 包 | 活跃流 34 | 速率 18.0 pps | DPI: nDPI
2026-07-25 21:20:49,050.050 INFO     fluxeye.collector.pipeline [流水线统计] 处理 61201 包 | 活跃流 37 | 速率 18.1 pps | DPI: nDPI
2026-07-25 21:20:59,051.051 INFO     fluxeye.collector.pipeline [流水线统计] 处理 61703 包 | 活跃流 37 | 速率 18.1 pps | DPI: nDPI
2026-07-25 21:21:09,052.052 INFO     fluxeye.collector.pipeline [流水线统计] 处理 61880 包 | 活跃流 38 | 速率 18.1 pps | DPI: nDPI
2026-07-25 21:21:19,054.054 INFO     fluxeye.collector.pipeline [流水线统计] 处理 61931 包 | 活跃流 36 | 速率 18.1 pps | DPI: nDPI
2026-07-25 21:21:29,054.054 INFO     fluxeye.collector.pipeline [流水线统计] 处理 61994 包 | 活跃流 32 | 速率 18.1 pps | DPI: nDPI
2026-07-25 21:21:39,055.055 INFO     fluxeye.collector.pipeline [流水线统计] 处理 62100 包 | 活跃流 31 | 速率 18.1 pps | DPI: nDPI
2026-07-25 21:21:49,056.056 INFO     fluxeye.collector.pipeline [流水线统计] 处理 62152 包 | 活跃流 28 | 速率 18.0 pps | DPI: nDPI
2026-07-25 21:21:59,058.058 INFO     fluxeye.collector.pipeline [流水线统计] 处理 62244 包 | 活跃流 27 | 速率 18.0 pps | DPI: nDPI
2026-07-25 21:22:09,058.058 INFO     fluxeye.collector.pipeline [流水线统计] 处理 62280 包 | 活跃流 21 | 速率 17.9 pps | DPI: nDPI
2026-07-25 21:22:19,059.059 INFO     fluxeye.collector.pipeline [流水线统计] 处理 62361 包 | 活跃流 19 | 速率 17.9 pps | DPI: nDPI
2026-07-25 21:22:29,060.060 INFO     fluxeye.collector.pipeline [流水线统计] 处理 62431 包 | 活跃流 21 | 速率 17.9 pps | DPI: nDPI
2026-07-25 21:22:39,061.061 INFO     fluxeye.collector.pipeline [流水线统计] 处理 62491 包 | 活跃流 19 | 速率 17.9 pps | DPI: nDPI
2026-07-25 21:22:49,061.061 INFO     fluxeye.collector.pipeline [流水线统计] 处理 62577 包 | 活跃流 20 | 速率 17.8 pps | DPI: nDPI
2026-07-25 21:22:59,062.062 INFO     fluxeye.collector.pipeline [流水线统计] 处理 62664 包 | 活跃流 20 | 速率 17.8 pps | DPI: nDPI
2026-07-25 21:23:09,063.063 INFO     fluxeye.collector.pipeline [流水线统计] 处理 62755 包 | 活跃流 22 | 速率 17.8 pps | DPI: nDPI
2026-07-25 21:23:19,064.064 INFO     fluxeye.collector.pipeline [流水线统计] 处理 62859 包 | 活跃流 24 | 速率 17.8 pps | DPI: nDPI
2026-07-25 21:23:29,066.066 INFO     fluxeye.collector.pipeline [流水线统计] 处理 62978 包 | 活跃流 26 | 速率 17.7 pps | DPI: nDPI
2026-07-25 21:23:39,065.065 INFO     fluxeye.collector.pipeline [流水线统计] 处理 63054 包 | 活跃流 27 | 速率 17.7 pps | DPI: nDPI
2026-07-25 21:23:49,067.067 INFO     fluxeye.collector.pipeline [流水线统计] 处理 63157 包 | 活跃流 28 | 速率 17.7 pps | DPI: nDPI
2026-07-25 21:23:59,068.068 INFO     fluxeye.collector.pipeline [流水线统计] 处理 63344 包 | 活跃流 33 | 速率 17.7 pps | DPI: nDPI
2026-07-25 21:24:09,069.069 INFO     fluxeye.collector.pipeline [流水线统计] 处理 63413 包 | 活跃流 31 | 速率 17.7 pps | DPI: nDPI
2026-07-25 21:24:19,070.070 INFO     fluxeye.collector.pipeline [流水线统计] 处理 63469 包 | 活跃流 28 | 速率 17.6 pps | DPI: nDPI
2026-07-25 21:24:29,071.071 INFO     fluxeye.collector.pipeline [流水线统计] 处理 63599 包 | 活跃流 31 | 速率 17.6 pps | DPI: nDPI
2026-07-25 21:24:39,071.071 INFO     fluxeye.collector.pipeline [流水线统计] 处理 63874 包 | 活跃流 35 | 速率 17.6 pps | DPI: nDPI
2026-07-25 21:24:49,072.072 INFO     fluxeye.collector.pipeline [流水线统计] 处理 64428 包 | 活跃流 32 | 速率 17.7 pps | DPI: nDPI
2026-07-25 21:24:59,072.072 INFO     fluxeye.collector.pipeline [流水线统计] 处理 64810 包 | 活跃流 30 | 速率 17.8 pps | DPI: nDPI
2026-07-25 21:25:09,073.073 INFO     fluxeye.collector.pipeline [流水线统计] 处理 64866 包 | 活跃流 26 | 速率 17.8 pps | DPI: nDPI
2026-07-25 21:25:19,076.076 INFO     fluxeye.collector.pipeline [流水线统计] 处理 64988 包 | 活跃流 30 | 速率 17.8 pps | DPI: nDPI
2026-07-25 21:25:29,078.078 INFO     fluxeye.collector.pipeline [流水线统计] 处理 65296 包 | 活跃流 44 | 速率 17.8 pps | DPI: nDPI
2026-07-25 21:25:39,079.079 INFO     fluxeye.collector.pipeline [流水线统计] 处理 65490 包 | 活跃流 47 | 速率 17.8 pps | DPI: nDPI
2026-07-25 21:25:49,080.080 INFO     fluxeye.collector.pipeline [流水线统计] 处理 65674 包 | 活跃流 51 | 速率 17.8 pps | DPI: nDPI
2026-07-25 21:25:59,080.080 INFO     fluxeye.collector.pipeline [流水线统计] 处理 65882 包 | 活跃流 58 | 速率 17.8 pps | DPI: nDPI
2026-07-25 21:26:09,081.081 INFO     fluxeye.collector.pipeline [流水线统计] 处理 65948 包 | 活跃流 58 | 速率 17.8 pps | DPI: nDPI
2026-07-25 21:26:19,080.080 INFO     fluxeye.collector.pipeline [流水线统计] 处理 66134 包 | 活跃流 67 | 速率 17.8 pps | DPI: nDPI
2026-07-25 21:26:29,081.081 INFO     fluxeye.collector.pipeline [流水线统计] 处理 66278 包 | 活跃流 62 | 速率 17.8 pps | DPI: nDPI
2026-07-25 21:26:39,082.082 INFO     fluxeye.collector.pipeline [流水线统计] 处理 66382 包 | 活跃流 51 | 速率 17.7 pps | DPI: nDPI
2026-07-25 21:26:49,083.083 INFO     fluxeye.collector.pipeline [流水线统计] 处理 66472 包 | 活跃流 44 | 速率 17.7 pps | DPI: nDPI
2026-07-25 21:26:59,084.084 INFO     fluxeye.collector.pipeline [流水线统计] 处理 66738 包 | 活跃流 39 | 速率 17.7 pps | DPI: nDPI
2026-07-25 21:27:09,085.085 INFO     fluxeye.collector.pipeline [流水线统计] 处理 67163 包 | 活跃流 41 | 速率 17.8 pps | DPI: nDPI
2026-07-25 21:27:19,086.086 INFO     fluxeye.collector.pipeline [流水线统计] 处理 68022 包 | 活跃流 36 | 速率 18.0 pps | DPI: nDPI
2026-07-25 21:27:29,086.086 INFO     fluxeye.collector.pipeline [流水线统计] 处理 68512 包 | 活跃流 30 | 速率 18.1 pps | DPI: nDPI
2026-07-25 21:27:39,086.086 INFO     fluxeye.collector.pipeline [流水线统计] 处理 69041 包 | 活跃流 37 | 速率 18.2 pps | DPI: nDPI
2026-07-25 21:27:49,088.088 INFO     fluxeye.collector.pipeline [流水线统计] 处理 69122 包 | 活跃流 38 | 速率 18.1 pps | DPI: nDPI
2026-07-25 21:27:59,089.089 INFO     fluxeye.collector.pipeline [流水线统计] 处理 69194 包 | 活跃流 36 | 速率 18.1 pps | DPI: nDPI
2026-07-25 21:28:09,090.090 INFO     fluxeye.collector.pipeline [流水线统计] 处理 69269 包 | 活跃流 29 | 速率 18.1 pps | DPI: nDPI
2026-07-25 21:28:19,091.091 INFO     fluxeye.collector.pipeline [流水线统计] 处理 69329 包 | 活跃流 29 | 速率 18.1 pps | DPI: nDPI
2026-07-25 21:28:29,092.092 INFO     fluxeye.collector.pipeline [流水线统计] 处理 69464 包 | 活跃流 32 | 速率 18.0 pps | DPI: nDPI
2026-07-25 21:28:39,096.096 INFO     fluxeye.collector.pipeline [流水线统计] 处理 69574 包 | 活跃流 26 | 速率 18.0 pps | DPI: nDPI
2026-07-25 21:28:49,097.097 INFO     fluxeye.collector.pipeline [流水线统计] 处理 69675 包 | 活跃流 26 | 速率 18.0 pps | DPI: nDPI
2026-07-25 21:28:59,100.100 INFO     fluxeye.collector.pipeline [流水线统计] 处理 69755 包 | 活跃流 26 | 速率 18.0 pps | DPI: nDPI
2026-07-25 21:29:09,102.102 INFO     fluxeye.collector.pipeline [流水线统计] 处理 69807 包 | 活跃流 26 | 速率 17.9 pps | DPI: nDPI
2026-07-25 21:29:19,104.104 INFO     fluxeye.collector.pipeline [流水线统计] 处理 69853 包 | 活跃流 25 | 速率 17.9 pps | DPI: nDPI
2026-07-25 21:29:29,105.105 INFO     fluxeye.collector.pipeline [流水线统计] 处理 69993 包 | 活跃流 27 | 速率 17.9 pps | DPI: nDPI
2026-07-25 21:29:39,106.106 INFO     fluxeye.collector.pipeline [流水线统计] 处理 70095 包 | 活跃流 25 | 速率 17.9 pps | DPI: nDPI
2026-07-25 21:29:49,107.107 INFO     fluxeye.collector.pipeline [流水线统计] 处理 70186 包 | 活跃流 24 | 速率 17.9 pps | DPI: nDPI
2026-07-25 21:29:59,108.108 INFO     fluxeye.collector.pipeline [流水线统计] 处理 70336 包 | 活跃流 28 | 速率 17.8 pps | DPI: nDPI
2026-07-25 21:30:09,109.109 INFO     fluxeye.collector.pipeline [流水线统计] 处理 70430 包 | 活跃流 30 | 速率 17.8 pps | DPI: nDPI
2026-07-25 21:30:19,111.111 INFO     fluxeye.collector.pipeline [流水线统计] 处理 70630 包 | 活跃流 39 | 速率 17.8 pps | DPI: nDPI
2026-07-25 21:30:29,113.113 INFO     fluxeye.collector.pipeline [流水线统计] 处理 70834 包 | 活跃流 46 | 速率 17.8 pps | DPI: nDPI
2026-07-25 21:30:39,114.114 INFO     fluxeye.collector.pipeline [流水线统计] 处理 71234 包 | 活跃流 59 | 速率 17.9 pps | DPI: nDPI
2026-07-25 21:30:49,114.114 INFO     fluxeye.collector.pipeline [流水线统计] 处理 71778 包 | 活跃流 65 | 速率 18.0 pps | DPI: nDPI
2026-07-25 21:30:59,116.116 INFO     fluxeye.collector.pipeline [流水线统计] 处理 72569 包 | 活跃流 85 | 速率 18.1 pps | DPI: nDPI
2026-07-25 21:31:09,117.117 INFO     fluxeye.collector.pipeline [流水线统计] 处理 73382 包 | 活跃流 99 | 速率 18.3 pps | DPI: nDPI
2026-07-25 21:31:19,118.118 INFO     fluxeye.collector.pipeline [流水线统计] 处理 73750 包 | 活跃流 114 | 速率 18.3 pps | DPI: nDPI
2026-07-25 21:31:29,119.119 INFO     fluxeye.collector.pipeline [流水线统计] 处理 74090 包 | 活跃流 117 | 速率 18.4 pps | DPI: nDPI
2026-07-25 21:31:39,120.120 INFO     fluxeye.collector.pipeline [流水线统计] 处理 74193 包 | 活跃流 108 | 速率 18.4 pps | DPI: nDPI
2026-07-25 21:31:49,121.121 INFO     fluxeye.collector.pipeline [流水线统计] 处理 74279 包 | 活跃流 97 | 速率 18.3 pps | DPI: nDPI
2026-07-25 21:31:59,122.122 INFO     fluxeye.collector.pipeline [流水线统计] 处理 74352 包 | 活跃流 84 | 速率 18.3 pps | DPI: nDPI
2026-07-25 21:32:09,122.122 INFO     fluxeye.collector.pipeline [流水线统计] 处理 74402 包 | 活跃流 63 | 速率 18.3 pps | DPI: nDPI
2026-07-25 21:32:19,123.123 INFO     fluxeye.collector.pipeline [流水线统计] 处理 74426 包 | 活跃流 42 | 速率 18.2 pps | DPI: nDPI
2026-07-25 21:32:29,125.125 INFO     fluxeye.collector.pipeline [流水线统计] 处理 74524 包 | 活跃流 20 | 速率 18.2 pps | DPI: nDPI
2026-07-25 21:32:39,126.126 INFO     fluxeye.collector.pipeline [流水线统计] 处理 74736 包 | 活跃流 29 | 速率 18.2 pps | DPI: nDPI
2026-07-25 21:32:49,127.127 INFO     fluxeye.collector.pipeline [流水线统计] 处理 74790 包 | 活跃流 25 | 速率 18.2 pps | DPI: nDPI
2026-07-25 21:32:59,128.128 INFO     fluxeye.collector.pipeline [流水线统计] 处理 74964 包 | 活跃流 31 | 速率 18.2 pps | DPI: nDPI
2026-07-25 21:33:09,128.128 INFO     fluxeye.collector.pipeline [流水线统计] 处理 75072 包 | 活跃流 35 | 速率 18.2 pps | DPI: nDPI
2026-07-25 21:33:19,129.129 INFO     fluxeye.collector.pipeline [流水线统计] 处理 75142 包 | 活跃流 38 | 速率 18.1 pps | DPI: nDPI
2026-07-25 21:33:29,130.130 INFO     fluxeye.collector.pipeline [流水线统计] 处理 75243 包 | 活跃流 41 | 速率 18.1 pps | DPI: nDPI
2026-07-25 21:33:39,131.131 INFO     fluxeye.collector.pipeline [流水线统计] 处理 75370 包 | 活跃流 37 | 速率 18.1 pps | DPI: nDPI
2026-07-25 21:33:49,132.132 INFO     fluxeye.collector.pipeline [流水线统计] 处理 75473 包 | 活跃流 36 | 速率 18.1 pps | DPI: nDPI
2026-07-25 21:33:59,132.132 INFO     fluxeye.collector.pipeline [流水线统计] 处理 75702 包 | 活跃流 47 | 速率 18.1 pps | DPI: nDPI
2026-07-25 21:34:09,133.133 INFO     fluxeye.collector.pipeline [流水线统计] 处理 76177 包 | 活跃流 64 | 速率 18.2 pps | DPI: nDPI
2026-07-25 21:34:19,134.134 INFO     fluxeye.collector.pipeline [流水线统计] 处理 76510 包 | 活跃流 77 | 速率 18.2 pps | DPI: nDPI
2026-07-25 21:34:29,135.135 INFO     fluxeye.collector.pipeline [流水线统计] 处理 76753 包 | 活跃流 88 | 速率 18.2 pps | DPI: nDPI
2026-07-25 21:34:39,135.135 INFO     fluxeye.collector.pipeline [流水线统计] 处理 76873 包 | 活跃流 83 | 速率 18.2 pps | DPI: nDPI
2026-07-25 21:34:49,136.136 INFO     fluxeye.collector.pipeline [流水线统计] 处理 76930 包 | 活跃流 81 | 速率 18.2 pps | DPI: nDPI
2026-07-25 21:34:59,137.137 INFO     fluxeye.collector.pipeline [流水线统计] 处理 77059 包 | 活跃流 82 | 速率 18.2 pps | DPI: nDPI
2026-07-25 21:35:09,138.138 INFO     fluxeye.collector.pipeline [流水线统计] 处理 77143 包 | 活跃流 58 | 速率 18.1 pps | DPI: nDPI
2026-07-25 21:35:19,139.139 INFO     fluxeye.collector.pipeline [流水线统计] 处理 77199 包 | 活跃流 44 | 速率 18.1 pps | DPI: nDPI
2026-07-25 21:35:29,142.142 INFO     fluxeye.collector.pipeline [流水线统计] 处理 77295 包 | 活跃流 25 | 速率 18.1 pps | DPI: nDPI
2026-07-25 21:35:39,143.143 INFO     fluxeye.collector.pipeline [流水线统计] 处理 77396 包 | 活跃流 28 | 速率 18.1 pps | DPI: nDPI
2026-07-25 21:35:49,143.143 INFO     fluxeye.collector.pipeline [流水线统计] 处理 77487 包 | 活跃流 30 | 速率 18.1 pps | DPI: nDPI
2026-07-25 21:35:59,144.144 INFO     fluxeye.collector.pipeline [流水线统计] 处理 77611 包 | 活跃流 29 | 速率 18.0 pps | DPI: nDPI
2026-07-25 21:36:09,145.145 INFO     fluxeye.collector.pipeline [流水线统计] 处理 77729 包 | 活跃流 31 | 速率 18.0 pps | DPI: nDPI
2026-07-25 21:36:19,146.146 INFO     fluxeye.collector.pipeline [流水线统计] 处理 77753 包 | 活跃流 29 | 速率 18.0 pps | DPI: nDPI
2026-07-25 21:36:29,147.147 INFO     fluxeye.collector.pipeline [流水线统计] 处理 77831 包 | 活跃流 30 | 速率 18.0 pps | DPI: nDPI
2026-07-25 21:36:39,147.147 INFO     fluxeye.collector.pipeline [流水线统计] 处理 77898 包 | 活跃流 27 | 速率 17.9 pps | DPI: nDPI
2026-07-25 21:36:49,150.150 INFO     fluxeye.collector.pipeline [流水线统计] 处理 77954 包 | 活跃流 25 | 速率 17.9 pps | DPI: nDPI
2026-07-25 21:36:59,151.151 INFO     fluxeye.collector.pipeline [流水线统计] 处理 78010 包 | 活跃流 24 | 速率 17.9 pps | DPI: nDPI
2026-07-25 21:37:09,152.152 INFO     fluxeye.collector.pipeline [流水线统计] 处理 78048 包 | 活跃流 20 | 速率 17.9 pps | DPI: nDPI
2026-07-25 21:37:19,155.155 INFO     fluxeye.collector.pipeline [流水线统计] 处理 78106 包 | 活跃流 17 | 速率 17.8 pps | DPI: nDPI
2026-07-25 21:37:29,157.157 INFO     fluxeye.collector.pipeline [流水线统计] 处理 78186 包 | 活跃流 18 | 速率 17.8 pps | DPI: nDPI
2026-07-25 21:37:39,158.158 INFO     fluxeye.collector.pipeline [流水线统计] 处理 78253 包 | 活跃流 16 | 速率 17.8 pps | DPI: nDPI
2026-07-25 21:37:49,159.159 INFO     fluxeye.collector.pipeline [流水线统计] 处理 78341 包 | 活跃流 20 | 速率 17.8 pps | DPI: nDPI
2026-07-25 21:37:59,161.161 INFO     fluxeye.collector.pipeline [流水线统计] 处理 78397 包 | 活跃流 19 | 速率 17.7 pps | DPI: nDPI
2026-07-25 21:38:09,162.162 INFO     fluxeye.collector.pipeline [流水线统计] 处理 78435 包 | 活跃流 19 | 速率 17.7 pps | DPI: nDPI
2026-07-25 21:38:19,164.164 INFO     fluxeye.collector.pipeline [流水线统计] 处理 78503 包 | 活跃流 21 | 速率 17.7 pps | DPI: nDPI
2026-07-25 21:38:29,165.165 INFO     fluxeye.collector.pipeline [流水线统计] 处理 78591 包 | 活跃流 21 | 速率 17.7 pps | DPI: nDPI
2026-07-25 21:38:39,167.167 INFO     fluxeye.collector.pipeline [流水线统计] 处理 78661 包 | 活跃流 22 | 速率 17.6 pps | DPI: nDPI
2026-07-25 21:38:49,169.169 INFO     fluxeye.collector.pipeline [流水线统计] 处理 78729 包 | 活跃流 21 | 速率 17.6 pps | DPI: nDPI
2026-07-25 21:38:59,169.169 INFO     fluxeye.collector.pipeline [流水线统计] 处理 78883 包 | 活跃流 27 | 速率 17.6 pps | DPI: nDPI
2026-07-25 21:39:09,171.171 INFO     fluxeye.collector.pipeline [流水线统计] 处理 78921 包 | 活跃流 26 | 速率 17.6 pps | DPI: nDPI
2026-07-25 21:39:19,172.172 INFO     fluxeye.collector.pipeline [流水线统计] 处理 78973 包 | 活跃流 25 | 速率 17.5 pps | DPI: nDPI
2026-07-25 21:39:29,172.172 INFO     fluxeye.collector.pipeline [流水线统计] 处理 79048 包 | 活跃流 25 | 速率 17.5 pps | DPI: nDPI
2026-07-25 21:39:39,173.173 INFO     fluxeye.collector.pipeline [流水线统计] 处理 79148 包 | 活跃流 28 | 速率 17.5 pps | DPI: nDPI
2026-07-25 21:39:49,174.174 INFO     fluxeye.collector.pipeline [流水线统计] 处理 79223 包 | 活跃流 27 | 速率 17.5 pps | DPI: nDPI
2026-07-25 21:39:59,176.176 INFO     fluxeye.collector.pipeline [流水线统计] 处理 79267 包 | 活跃流 22 | 速率 17.5 pps | DPI: nDPI
2026-07-25 21:40:09,177.177 INFO     fluxeye.collector.pipeline [流水线统计] 处理 79341 包 | 活跃流 20 | 速率 17.4 pps | DPI: nDPI
2026-07-25 21:40:19,178.178 INFO     fluxeye.collector.pipeline [流水线统计] 处理 79393 包 | 活跃流 21 | 速率 17.4 pps | DPI: nDPI
2026-07-25 21:40:29,179.179 INFO     fluxeye.collector.pipeline [流水线统计] 处理 79685 包 | 活跃流 34 | 速率 17.4 pps | DPI: nDPI
2026-07-25 21:40:39,180.180 INFO     fluxeye.collector.pipeline [流水线统计] 处理 79855 包 | 活跃流 40 | 速率 17.4 pps | DPI: nDPI
2026-07-25 21:40:49,182.182 INFO     fluxeye.collector.pipeline [流水线统计] 处理 80007 包 | 活跃流 45 | 速率 17.4 pps | DPI: nDPI
2026-07-25 21:40:59,183.183 INFO     fluxeye.collector.pipeline [流水线统计] 处理 80207 包 | 活跃流 54 | 速率 17.4 pps | DPI: nDPI
2026-07-25 21:41:09,185.185 INFO     fluxeye.collector.pipeline [流水线统计] 处理 80269 包 | 活跃流 53 | 速率 17.4 pps | DPI: nDPI
2026-07-25 21:41:19,186.186 INFO     fluxeye.collector.pipeline [流水线统计] 处理 80435 包 | 活跃流 62 | 速率 17.4 pps | DPI: nDPI
2026-07-25 21:41:29,187.187 INFO     fluxeye.collector.pipeline [流水线统计] 处理 80552 包 | 活跃流 57 | 速率 17.4 pps | DPI: nDPI
2026-07-25 21:41:39,187.187 INFO     fluxeye.collector.pipeline [流水线统计] 处理 80654 包 | 活跃流 47 | 速率 17.4 pps | DPI: nDPI
2026-07-25 21:41:49,189.189 INFO     fluxeye.collector.pipeline [流水线统计] 处理 80744 包 | 活跃流 41 | 速率 17.4 pps | DPI: nDPI
2026-07-25 21:41:59,190.190 INFO     fluxeye.collector.pipeline [流水线统计] 处理 80844 包 | 活跃流 34 | 速率 17.3 pps | DPI: nDPI
2026-07-25 21:42:09,191.191 INFO     fluxeye.collector.pipeline [流水线统计] 处理 80916 包 | 活跃流 38 | 速率 17.3 pps | DPI: nDPI
2026-07-25 21:42:19,192.192 INFO     fluxeye.collector.pipeline [流水线统计] 处理 80956 包 | 活跃流 32 | 速率 17.3 pps | DPI: nDPI
2026-07-25 21:42:29,193.193 INFO     fluxeye.collector.pipeline [流水线统计] 处理 81025 包 | 活跃流 26 | 速率 17.3 pps | DPI: nDPI
2026-07-25 21:42:39,194.194 INFO     fluxeye.collector.pipeline [流水线统计] 处理 81246 包 | 活跃流 31 | 速率 17.3 pps | DPI: nDPI
2026-07-25 21:42:49,195.195 INFO     fluxeye.collector.pipeline [流水线统计] 处理 81306 包 | 活跃流 32 | 速率 17.3 pps | DPI: nDPI
2026-07-25 21:42:59,196.196 INFO     fluxeye.collector.pipeline [流水线统计] 处理 81366 包 | 活跃流 30 | 速率 17.2 pps | DPI: nDPI
2026-07-25 21:43:09,197.197 INFO     fluxeye.collector.pipeline [流水线统计] 处理 81404 包 | 活跃流 23 | 速率 17.2 pps | DPI: nDPI
2026-07-25 21:43:19,197.197 INFO     fluxeye.collector.pipeline [流水线统计] 处理 81460 包 | 活跃流 25 | 速率 17.2 pps | DPI: nDPI
2026-07-25 21:43:29,198.198 INFO     fluxeye.collector.pipeline [流水线统计] 处理 81558 包 | 活跃流 28 | 速率 17.2 pps | DPI: nDPI
2026-07-25 21:43:39,200.200 INFO     fluxeye.collector.pipeline [流水线统计] 处理 81660 包 | 活跃流 23 | 速率 17.2 pps | DPI: nDPI
2026-07-25 21:43:49,202.202 INFO     fluxeye.collector.pipeline [流水线统计] 处理 81733 包 | 活跃流 23 | 速率 17.1 pps | DPI: nDPI
2026-07-25 21:43:59,203.203 INFO     fluxeye.collector.pipeline [流水线统计] 处理 81801 包 | 活跃流 23 | 速率 17.1 pps | DPI: nDPI
2026-07-25 21:44:09,204.204 INFO     fluxeye.collector.pipeline [流水线统计] 处理 81823 包 | 活跃流 22 | 速率 17.1 pps | DPI: nDPI
2026-07-25 21:44:19,205.205 INFO     fluxeye.collector.pipeline [流水线统计] 处理 81863 包 | 活跃流 22 | 速率 17.1 pps | DPI: nDPI
2026-07-25 21:44:29,206.206 INFO     fluxeye.collector.pipeline [流水线统计] 处理 81966 包 | 活跃流 23 | 速率 17.0 pps | DPI: nDPI
2026-07-25 21:44:39,207.207 INFO     fluxeye.collector.pipeline [流水线统计] 处理 82034 包 | 活跃流 21 | 速率 17.0 pps | DPI: nDPI
2026-07-25 21:44:49,208.208 INFO     fluxeye.collector.pipeline [流水线统计] 处理 82120 包 | 活跃流 20 | 速率 17.0 pps | DPI: nDPI
2026-07-25 21:44:59,208.208 INFO     fluxeye.collector.pipeline [流水线统计] 处理 82252 包 | 活跃流 25 | 速率 17.0 pps | DPI: nDPI
2026-07-25 21:45:09,210.210 INFO     fluxeye.collector.pipeline [流水线统计] 处理 82320 包 | 活跃流 27 | 速率 17.0 pps | DPI: nDPI
2026-07-25 21:45:19,212.212 INFO     fluxeye.collector.pipeline [流水线统计] 处理 82484 包 | 活跃流 35 | 速率 17.0 pps | DPI: nDPI
2026-07-25 21:45:29,213.213 INFO     fluxeye.collector.pipeline [流水线统计] 处理 82682 包 | 活跃流 43 | 速率 17.0 pps | DPI: nDPI
2026-07-25 21:45:39,214.214 INFO     fluxeye.collector.pipeline [流水线统计] 处理 82958 包 | 活跃流 53 | 速率 17.0 pps | DPI: nDPI
2026-07-25 21:45:49,215.215 INFO     fluxeye.collector.pipeline [流水线统计] 处理 83122 包 | 活跃流 60 | 速率 17.0 pps | DPI: nDPI
2026-07-25 21:45:59,216.216 INFO     fluxeye.collector.pipeline [流水线统计] 处理 83487 包 | 活跃流 79 | 速率 17.0 pps | DPI: nDPI
2026-07-25 21:46:09,218.218 INFO     fluxeye.collector.pipeline [流水线统计] 处理 83877 包 | 活跃流 93 | 速率 17.1 pps | DPI: nDPI
2026-07-25 21:46:19,220.220 INFO     fluxeye.collector.pipeline [流水线统计] 处理 84225 包 | 活跃流 107 | 速率 17.1 pps | DPI: nDPI
2026-07-25 21:46:29,221.221 INFO     fluxeye.collector.pipeline [流水线统计] 处理 84507 包 | 活跃流 107 | 速率 17.1 pps | DPI: nDPI
2026-07-25 21:46:39,224.224 INFO     fluxeye.collector.pipeline [流水线统计] 处理 84591 包 | 活跃流 99 | 速率 17.1 pps | DPI: nDPI
2026-07-25 21:46:49,225.225 INFO     fluxeye.collector.pipeline [流水线统计] 处理 84677 包 | 活跃流 88 | 速率 17.1 pps | DPI: nDPI
2026-07-25 21:46:59,226.226 INFO     fluxeye.collector.pipeline [流水线统计] 处理 84751 包 | 活跃流 75 | 速率 17.1 pps | DPI: nDPI
2026-07-25 21:47:09,227.227 INFO     fluxeye.collector.pipeline [流水线统计] 处理 84771 包 | 活跃流 56 | 速率 17.1 pps | DPI: nDPI
2026-07-25 21:47:19,228.228 INFO     fluxeye.collector.pipeline [流水线统计] 处理 84793 包 | 活跃流 36 | 速率 17.0 pps | DPI: nDPI
2026-07-25 21:47:29,228.228 INFO     fluxeye.collector.pipeline [流水线统计] 处理 84863 包 | 活跃流 18 | 速率 17.0 pps | DPI: nDPI
2026-07-25 21:47:39,229.229 INFO     fluxeye.collector.pipeline [流水线统计] 处理 85045 包 | 活跃流 26 | 速率 17.0 pps | DPI: nDPI
2026-07-25 21:47:49,230.230 INFO     fluxeye.collector.pipeline [流水线统计] 处理 85099 包 | 活跃流 24 | 速率 17.0 pps | DPI: nDPI
2026-07-25 21:47:59,231.231 INFO     fluxeye.collector.pipeline [流水线统计] 处理 85270 包 | 活跃流 29 | 速率 17.0 pps | DPI: nDPI
2026-07-25 21:48:09,236.236 INFO     fluxeye.collector.pipeline [流水线统计] 处理 85382 包 | 活跃流 33 | 速率 17.0 pps | DPI: nDPI
2026-07-25 21:48:19,237.237 INFO     fluxeye.collector.pipeline [流水线统计] 处理 85456 包 | 活跃流 35 | 速率 17.0 pps | DPI: nDPI
2026-07-25 21:48:29,238.238 INFO     fluxeye.collector.pipeline [流水线统计] 处理 85588 包 | 活跃流 39 | 速率 16.9 pps | DPI: nDPI
2026-07-25 21:48:39,238.238 INFO     fluxeye.collector.pipeline [流水线统计] 处理 85701 包 | 活跃流 37 | 速率 16.9 pps | DPI: nDPI
2026-07-25 21:48:49,239.239 INFO     fluxeye.collector.pipeline [流水线统计] 处理 85769 包 | 活跃流 35 | 速率 16.9 pps | DPI: nDPI
2026-07-25 21:48:59,239.239 INFO     fluxeye.collector.pipeline [流水线统计] 处理 85997 包 | 活跃流 46 | 速率 16.9 pps | DPI: nDPI
2026-07-25 21:49:09,240.240 INFO     fluxeye.collector.pipeline [流水线统计] 处理 86413 包 | 活跃流 62 | 速率 17.0 pps | DPI: nDPI
2026-07-25 21:49:19,241.241 INFO     fluxeye.collector.pipeline [流水线统计] 处理 86717 包 | 活跃流 74 | 速率 17.0 pps | DPI: nDPI
2026-07-25 21:49:29,243.243 INFO     fluxeye.collector.pipeline [流水线统计] 处理 86932 包 | 活跃流 84 | 速率 17.0 pps | DPI: nDPI
2026-07-25 21:49:39,243.243 INFO     fluxeye.collector.pipeline [流水线统计] 处理 87016 包 | 活跃流 77 | 速率 17.0 pps | DPI: nDPI
2026-07-25 21:49:49,243.243 INFO     fluxeye.collector.pipeline [流水线统计] 处理 87068 包 | 活跃流 77 | 速率 17.0 pps | DPI: nDPI
2026-07-25 21:49:59,244.244 INFO     fluxeye.collector.pipeline [流水线统计] 处理 87185 包 | 活跃流 77 | 速率 17.0 pps | DPI: nDPI
2026-07-25 21:50:09,245.245 INFO     fluxeye.collector.pipeline [流水线统计] 处理 87237 包 | 活跃流 54 | 速率 16.9 pps | DPI: nDPI
2026-07-25 21:50:19,244.244 INFO     fluxeye.collector.pipeline [流水线统计] 处理 87288 包 | 活跃流 40 | 速率 16.9 pps | DPI: nDPI
2026-07-25 21:50:29,244.244 INFO     fluxeye.collector.pipeline [流水线统计] 处理 87358 包 | 活跃流 22 | 速率 16.9 pps | DPI: nDPI
2026-07-25 21:50:39,245.245 INFO     fluxeye.collector.pipeline [流水线统计] 处理 87458 包 | 活跃流 24 | 速率 16.9 pps | DPI: nDPI
2026-07-25 21:50:49,245.245 INFO     fluxeye.collector.pipeline [流水线统计] 处理 87548 包 | 活跃流 26 | 速率 16.9 pps | DPI: nDPI
2026-07-25 21:50:59,247.247 INFO     fluxeye.collector.pipeline [流水线统计] 处理 87663 包 | 活跃流 25 | 速率 16.9 pps | DPI: nDPI
2026-07-25 21:51:09,247.247 INFO     fluxeye.collector.pipeline [流水线统计] 处理 87759 包 | 活跃流 28 | 速率 16.8 pps | DPI: nDPI
2026-07-25 21:51:19,248.248 INFO     fluxeye.collector.pipeline [流水线统计] 处理 87779 包 | 活跃流 27 | 速率 16.8 pps | DPI: nDPI
2026-07-25 21:51:29,249.249 INFO     fluxeye.collector.pipeline [流水线统计] 处理 87831 包 | 活跃流 26 | 速率 16.8 pps | DPI: nDPI
2026-07-25 21:51:39,250.250 INFO     fluxeye.collector.pipeline [流水线统计] 处理 87901 包 | 活跃流 24 | 速率 16.8 pps | DPI: nDPI
2026-07-25 21:51:49,250.250 INFO     fluxeye.collector.pipeline [流水线统计] 处理 87953 包 | 活跃流 22 | 速率 16.8 pps | DPI: nDPI
2026-07-25 21:51:59,250.250 INFO     fluxeye.collector.pipeline [流水线统计] 处理 88031 包 | 活跃流 22 | 速率 16.7 pps | DPI: nDPI
2026-07-25 21:52:09,251.251 INFO     fluxeye.collector.pipeline [流水线统计] 处理 88099 包 | 活跃流 19 | 速率 16.7 pps | DPI: nDPI
2026-07-25 21:52:19,250.250 INFO     fluxeye.collector.pipeline [流水线统计] 处理 88331 包 | 活跃流 23 | 速率 16.7 pps | DPI: nDPI
2026-07-25 21:52:29,250.250 INFO     fluxeye.collector.pipeline [流水线统计] 处理 88455 包 | 活跃流 28 | 速率 16.7 pps | DPI: nDPI
2026-07-25 21:52:39,250.250 INFO     fluxeye.collector.pipeline [流水线统计] 处理 88521 包 | 活跃流 26 | 速率 16.7 pps | DPI: nDPI
2026-07-25 21:52:49,251.251 INFO     fluxeye.collector.pipeline [流水线统计] 处理 88607 包 | 活跃流 29 | 速率 16.7 pps | DPI: nDPI
2026-07-25 21:52:59,251.251 INFO     fluxeye.collector.pipeline [流水线统计] 处理 88661 包 | 活跃流 27 | 速率 16.7 pps | DPI: nDPI
2026-07-25 21:53:09,253.253 INFO     fluxeye.collector.pipeline [流水线统计] 处理 88701 包 | 活跃流 25 | 速率 16.6 pps | DPI: nDPI
2026-07-25 21:53:19,254.254 INFO     fluxeye.collector.pipeline [流水线统计] 处理 88775 包 | 活跃流 23 | 速率 16.6 pps | DPI: nDPI
2026-07-25 21:53:29,255.255 INFO     fluxeye.collector.pipeline [流水线统计] 处理 88859 包 | 活跃流 23 | 速率 16.6 pps | DPI: nDPI
2026-07-25 21:53:39,256.256 INFO     fluxeye.collector.pipeline [流水线统计] 处理 89036 包 | 活跃流 23 | 速率 16.6 pps | DPI: nDPI
2026-07-25 21:53:49,257.257 INFO     fluxeye.collector.pipeline [流水线统计] 处理 89596 包 | 活跃流 23 | 速率 16.7 pps | DPI: nDPI
2026-07-25 21:53:59,256.256 INFO     fluxeye.collector.pipeline [流水线统计] 处理 90402 包 | 活跃流 35 | 速率 16.8 pps | DPI: nDPI
2026-07-25 21:54:09,256.256 INFO     fluxeye.collector.pipeline [流水线统计] 处理 90453 包 | 活跃流 34 | 速率 16.8 pps | DPI: nDPI
2026-07-25 21:54:19,257.257 INFO     fluxeye.collector.pipeline [流水线统计] 处理 90637 包 | 活跃流 38 | 速率 16.8 pps | DPI: nDPI
2026-07-25 21:54:29,258.258 INFO     fluxeye.collector.pipeline [流水线统计] 处理 90984 包 | 活跃流 39 | 速率 16.8 pps | DPI: nDPI
2026-07-25 21:54:39,259.259 INFO     fluxeye.collector.pipeline [流水线统计] 处理 91318 包 | 活跃流 42 | 速率 16.8 pps | DPI: nDPI
2026-07-25 21:54:49,259.259 INFO     fluxeye.collector.pipeline [流水线统计] 处理 91427 包 | 活跃流 41 | 速率 16.8 pps | DPI: nDPI
2026-07-25 21:54:59,260.260 INFO     fluxeye.collector.pipeline [流水线统计] 处理 91473 包 | 活跃流 33 | 速率 16.8 pps | DPI: nDPI
2026-07-25 21:55:09,262.262 INFO     fluxeye.collector.pipeline [流水线统计] 处理 91529 包 | 活跃流 27 | 速率 16.8 pps | DPI: nDPI
2026-07-25 21:55:19,264.264 INFO     fluxeye.collector.pipeline [流水线统计] 处理 91589 包 | 活跃流 25 | 速率 16.8 pps | DPI: nDPI
2026-07-25 21:55:29,265.265 INFO     fluxeye.collector.pipeline [流水线统计] 处理 91885 包 | 活跃流 37 | 速率 16.8 pps | DPI: nDPI
2026-07-25 21:55:39,266.266 INFO     fluxeye.collector.pipeline [流水线统计] 处理 92050 包 | 活跃流 43 | 速率 16.8 pps | DPI: nDPI
2026-07-25 21:55:49,268.268 INFO     fluxeye.collector.pipeline [流水线统计] 处理 92204 包 | 活跃流 46 | 速率 16.8 pps | DPI: nDPI
2026-07-25 21:55:59,268.268 INFO     fluxeye.collector.pipeline [流水线统计] 处理 92421 包 | 活跃流 55 | 速率 16.8 pps | DPI: nDPI
2026-07-25 21:56:09,271.271 INFO     fluxeye.collector.pipeline [流水线统计] 处理 92461 包 | 活跃流 54 | 速率 16.8 pps | DPI: nDPI
2026-07-25 21:56:19,272.272 INFO     fluxeye.collector.pipeline [流水线统计] 处理 92627 包 | 活跃流 61 | 速率 16.8 pps | DPI: nDPI
2026-07-25 21:56:29,274.274 INFO     fluxeye.collector.pipeline [流水线统计] 处理 92745 包 | 活跃流 56 | 速率 16.8 pps | DPI: nDPI
2026-07-25 21:56:39,275.275 INFO     fluxeye.collector.pipeline [流水线统计] 处理 92847 包 | 活跃流 45 | 速率 16.8 pps | DPI: nDPI
2026-07-25 21:56:49,276.276 INFO     fluxeye.collector.pipeline [流水线统计] 处理 92934 包 | 活跃流 40 | 速率 16.7 pps | DPI: nDPI
2026-07-25 21:56:59,278.278 INFO     fluxeye.collector.pipeline [流水线统计] 处理 93036 包 | 活跃流 34 | 速率 16.7 pps | DPI: nDPI
2026-07-25 21:57:09,279.279 INFO     fluxeye.collector.pipeline [流水线统计] 处理 93104 包 | 活跃流 37 | 速率 16.7 pps | DPI: nDPI
2026-07-25 21:57:19,281.281 INFO     fluxeye.collector.pipeline [流水线统计] 处理 93140 包 | 活跃流 32 | 速率 16.7 pps | DPI: nDPI
2026-07-25 21:57:29,284.284 INFO     fluxeye.collector.pipeline [流水线统计] 处理 93194 包 | 活跃流 25 | 速率 16.7 pps | DPI: nDPI
2026-07-25 21:57:39,285.285 INFO     fluxeye.collector.pipeline [流水线统计] 处理 93399 包 | 活跃流 31 | 速率 16.7 pps | DPI: nDPI
2026-07-25 21:57:49,286.286 INFO     fluxeye.collector.pipeline [流水线统计] 处理 93456 包 | 活跃流 29 | 速率 16.7 pps | DPI: nDPI
2026-07-25 21:57:59,287.287 INFO     fluxeye.collector.pipeline [流水线统计] 处理 93487 包 | 活跃流 27 | 速率 16.6 pps | DPI: nDPI
2026-07-25 21:58:09,288.288 INFO     fluxeye.collector.pipeline [流水线统计] 处理 93525 包 | 活跃流 21 | 速率 16.6 pps | DPI: nDPI
2026-07-25 21:58:19,289.289 INFO     fluxeye.collector.pipeline [流水线统计] 处理 93577 包 | 活跃流 22 | 速率 16.6 pps | DPI: nDPI
2026-07-25 21:58:29,290.290 INFO     fluxeye.collector.pipeline [流水线统计] 处理 93677 包 | 活跃流 25 | 速率 16.6 pps | DPI: nDPI
2026-07-25 21:58:39,291.291 INFO     fluxeye.collector.pipeline [流水线统计] 处理 93779 包 | 活跃流 19 | 速率 16.6 pps | DPI: nDPI
2026-07-25 21:58:49,292.292 INFO     fluxeye.collector.pipeline [流水线统计] 处理 93847 包 | 活跃流 21 | 速率 16.5 pps | DPI: nDPI
2026-07-25 21:58:59,292.292 INFO     fluxeye.collector.pipeline [流水线统计] 处理 93959 包 | 活跃流 24 | 速率 16.5 pps | DPI: nDPI
2026-07-25 21:59:09,293.293 INFO     fluxeye.collector.pipeline [流水线统计] 处理 93981 包 | 活跃流 23 | 速率 16.5 pps | DPI: nDPI
2026-07-25 21:59:19,292.292 INFO     fluxeye.collector.pipeline [流水线统计] 处理 94016 包 | 活跃流 23 | 速率 16.5 pps | DPI: nDPI
2026-07-25 21:59:29,294.294 INFO     fluxeye.collector.pipeline [流水线统计] 处理 94158 包 | 活跃流 26 | 速率 16.5 pps | DPI: nDPI
2026-07-25 21:59:39,295.295 INFO     fluxeye.collector.pipeline [流水线统计] 处理 94228 包 | 活跃流 24 | 速率 16.5 pps | DPI: nDPI
2026-07-25 21:59:49,296.296 INFO     fluxeye.collector.pipeline [流水线统计] 处理 94312 包 | 活跃流 23 | 速率 16.5 pps | DPI: nDPI
2026-07-25 21:59:59,296.296 INFO     fluxeye.collector.pipeline [流水线统计] 处理 94444 包 | 活跃流 26 | 速率 16.5 pps | DPI: nDPI
2026-07-25 22:00:09,297.297 INFO     fluxeye.collector.pipeline [流水线统计] 处理 94512 包 | 活跃流 27 | 速率 16.4 pps | DPI: nDPI
2026-07-25 22:00:19,298.298 INFO     fluxeye.collector.pipeline [流水线统计] 处理 94678 包 | 活跃流 36 | 速率 16.4 pps | DPI: nDPI
2026-07-25 22:00:29,299.299 INFO     fluxeye.collector.pipeline [流水线统计] 处理 94874 包 | 活跃流 44 | 速率 16.4 pps | DPI: nDPI
2026-07-25 22:00:39,300.300 INFO     fluxeye.collector.pipeline [流水线统计] 处理 95185 包 | 活跃流 55 | 速率 16.5 pps | DPI: nDPI
2026-07-25 22:00:49,300.300 INFO     fluxeye.collector.pipeline [流水线统计] 处理 95360 包 | 活跃流 61 | 速率 16.5 pps | DPI: nDPI
2026-07-25 22:00:59,301.301 INFO     fluxeye.collector.pipeline [流水线统计] 处理 95699 包 | 活跃流 80 | 速率 16.5 pps | DPI: nDPI
2026-07-25 22:01:09,304.304 INFO     fluxeye.collector.pipeline [流水线统计] 处理 96088 包 | 活跃流 93 | 速率 16.5 pps | DPI: nDPI
2026-07-25 22:01:19,306.306 INFO     fluxeye.collector.pipeline [流水线统计] 处理 96413 包 | 活跃流 110 | 速率 16.6 pps | DPI: nDPI
2026-07-25 22:01:29,307.307 INFO     fluxeye.collector.pipeline [流水线统计] 处理 96689 包 | 活跃流 110 | 速率 16.6 pps | DPI: nDPI
2026-07-25 22:01:39,308.308 INFO     fluxeye.collector.pipeline [流水线统计] 处理 96777 包 | 活跃流 101 | 速率 16.6 pps | DPI: nDPI
2026-07-25 22:01:49,309.309 INFO     fluxeye.collector.pipeline [流水线统计] 处理 96858 包 | 活跃流 89 | 速率 16.6 pps | DPI: nDPI
2026-07-25 22:01:59,310.310 INFO     fluxeye.collector.pipeline [流水线统计] 处理 96926 包 | 活跃流 77 | 速率 16.5 pps | DPI: nDPI
2026-07-25 22:02:09,311.311 INFO     fluxeye.collector.pipeline [流水线统计] 处理 96946 包 | 活跃流 56 | 速率 16.5 pps | DPI: nDPI
2026-07-25 22:02:19,311.311 INFO     fluxeye.collector.pipeline [流水线统计] 处理 97008 包 | 活跃流 39 | 速率 16.5 pps | DPI: nDPI
2026-07-25 22:02:29,312.312 INFO     fluxeye.collector.pipeline [流水线统计] 处理 97078 包 | 活跃流 19 | 速率 16.5 pps | DPI: nDPI
2026-07-25 22:02:39,313.313 INFO     fluxeye.collector.pipeline [流水线统计] 处理 97328 包 | 活跃流 30 | 速率 16.5 pps | DPI: nDPI
2026-07-25 22:02:49,315.315 INFO     fluxeye.collector.pipeline [流水线统计] 处理 97380 包 | 活跃流 28 | 速率 16.5 pps | DPI: nDPI
2026-07-25 22:02:59,315.315 INFO     fluxeye.collector.pipeline [流水线统计] 处理 97546 包 | 活跃流 33 | 速率 16.5 pps | DPI: nDPI
2026-07-25 22:03:09,315.315 INFO     fluxeye.collector.pipeline [流水线统计] 处理 97630 包 | 活跃流 36 | 速率 16.5 pps | DPI: nDPI
2026-07-25 22:03:19,316.316 INFO     fluxeye.collector.pipeline [流水线统计] 处理 97698 包 | 活跃流 39 | 速率 16.4 pps | DPI: nDPI
2026-07-25 22:03:29,316.316 INFO     fluxeye.collector.pipeline [流水线统计] 处理 97900 包 | 活跃流 44 | 速率 16.5 pps | DPI: nDPI
2026-07-25 22:03:39,316.316 INFO     fluxeye.collector.pipeline [流水线统计] 处理 97984 包 | 活跃流 37 | 速率 16.4 pps | DPI: nDPI
2026-07-25 22:03:49,317.317 INFO     fluxeye.collector.pipeline [流水线统计] 处理 98052 包 | 活跃流 36 | 速率 16.4 pps | DPI: nDPI
2026-07-25 22:03:59,318.318 INFO     fluxeye.collector.pipeline [流水线统计] 处理 98286 包 | 活跃流 46 | 速率 16.4 pps | DPI: nDPI
2026-07-25 22:04:09,322.322 INFO     fluxeye.collector.pipeline [流水线统计] 处理 98765 包 | 活跃流 65 | 速率 16.5 pps | DPI: nDPI
2026-07-25 22:04:19,323.323 INFO     fluxeye.collector.pipeline [流水线统计] 处理 99080 包 | 活跃流 79 | 速率 16.5 pps | DPI: nDPI
2026-07-25 22:04:29,324.324 INFO     fluxeye.collector.pipeline [流水线统计] 处理 99286 包 | 活跃流 85 | 速率 16.5 pps | DPI: nDPI
2026-07-25 22:04:39,326.326 INFO     fluxeye.collector.pipeline [流水线统计] 处理 99371 包 | 活跃流 81 | 速率 16.5 pps | DPI: nDPI
2026-07-25 22:04:49,327.327 INFO     fluxeye.collector.pipeline [流水线统计] 处理 99422 包 | 活跃流 80 | 速率 16.5 pps | DPI: nDPI
2026-07-25 22:04:59,329.329 INFO     fluxeye.collector.pipeline [流水线统计] 处理 99543 包 | 活跃流 79 | 速率 16.5 pps | DPI: nDPI
2026-07-25 22:05:09,330.330 INFO     fluxeye.collector.pipeline [流水线统计] 处理 99592 包 | 活跃流 53 | 速率 16.5 pps | DPI: nDPI
2026-07-25 22:05:19,332.332 INFO     fluxeye.collector.pipeline [流水线统计] 处理 99644 包 | 活跃流 38 | 速率 16.4 pps | DPI: nDPI
2026-07-25 22:05:29,333.333 INFO     fluxeye.collector.pipeline [流水线统计] 处理 99712 包 | 活跃流 22 | 速率 16.4 pps | DPI: nDPI
2026-07-25 22:05:39,334.334 INFO     fluxeye.collector.pipeline [流水线统计] 处理 99814 包 | 活跃流 24 | 速率 16.4 pps | DPI: nDPI
2026-07-25 22:05:49,335.335 INFO     fluxeye.collector.pipeline [流水线统计] 处理 99941 包 | 活跃流 28 | 速率 16.4 pps | DPI: nDPI
2026-07-25 22:05:59,336.336 INFO     fluxeye.collector.pipeline [流水线统计] 处理 100057 包 | 活跃流 27 | 速率 16.4 pps | DPI: nDPI
2026-07-25 22:06:09,336.336 INFO     fluxeye.collector.pipeline [流水线统计] 处理 100143 包 | 活跃流 29 | 速率 16.4 pps | DPI: nDPI
2026-07-25 22:06:19,337.337 INFO     fluxeye.collector.pipeline [流水线统计] 处理 100163 包 | 活跃流 28 | 速率 16.4 pps | DPI: nDPI
2026-07-25 22:06:29,338.338 INFO     fluxeye.collector.pipeline [流水线统计] 处理 100244 包 | 活跃流 28 | 速率 16.4 pps | DPI: nDPI
2026-07-25 22:06:39,339.339 INFO     fluxeye.collector.pipeline [流水线统计] 处理 100313 包 | 活跃流 26 | 速率 16.3 pps | DPI: nDPI
2026-07-25 22:06:49,340.340 INFO     fluxeye.collector.pipeline [流水线统计] 处理 100365 包 | 活跃流 23 | 速率 16.3 pps | DPI: nDPI
2026-07-25 22:06:59,341.341 INFO     fluxeye.collector.pipeline [流水线统计] 处理 100417 包 | 活跃流 22 | 速率 16.3 pps | DPI: nDPI
2026-07-25 22:07:09,343.343 INFO     fluxeye.collector.pipeline [流水线统计] 处理 100453 包 | 活跃流 17 | 速率 16.3 pps | DPI: nDPI
2026-07-25 22:07:19,345.345 INFO     fluxeye.collector.pipeline [流水线统计] 处理 100523 包 | 活跃流 17 | 速率 16.3 pps | DPI: nDPI
2026-07-25 22:07:29,346.346 INFO     fluxeye.collector.pipeline [流水线统计] 处理 100591 包 | 活跃流 18 | 速率 16.2 pps | DPI: nDPI
2026-07-25 22:07:39,347.347 INFO     fluxeye.collector.pipeline [流水线统计] 处理 100643 包 | 活跃流 16 | 速率 16.2 pps | DPI: nDPI
2026-07-25 22:07:49,348.348 INFO     fluxeye.collector.pipeline [流水线统计] 处理 100729 包 | 活跃流 19 | 速率 16.2 pps | DPI: nDPI
2026-07-25 22:07:59,349.349 INFO     fluxeye.collector.pipeline [流水线统计] 处理 100781 包 | 活跃流 18 | 速率 16.2 pps | DPI: nDPI
2026-07-25 22:08:09,350.350 INFO     fluxeye.collector.pipeline [流水线统计] 处理 100822 包 | 活跃流 19 | 速率 16.2 pps | DPI: nDPI
2026-07-25 22:08:19,351.351 INFO     fluxeye.collector.pipeline [流水线统计] 处理 100887 包 | 活跃流 19 | 速率 16.2 pps | DPI: nDPI
2026-07-25 22:08:29,351.351 INFO     fluxeye.collector.pipeline [流水线统计] 处理 100976 包 | 活跃流 20 | 速率 16.2 pps | DPI: nDPI
2026-07-25 22:08:39,351.351 INFO     fluxeye.collector.pipeline [流水线统计] 处理 101044 包 | 活跃流 22 | 速率 16.1 pps | DPI: nDPI
2026-07-25 22:08:49,352.352 INFO     fluxeye.collector.pipeline [流水线统计] 处理 101109 包 | 活跃流 21 | 速率 16.1 pps | DPI: nDPI
2026-07-25 22:08:59,353.353 INFO     fluxeye.collector.pipeline [流水线统计] 处理 101304 包 | 活跃流 28 | 速率 16.1 pps | DPI: nDPI
2026-07-25 22:09:09,353.353 INFO     fluxeye.collector.pipeline [流水线统计] 处理 101340 包 | 活跃流 27 | 速率 16.1 pps | DPI: nDPI
2026-07-25 22:09:19,354.354 INFO     fluxeye.collector.pipeline [流水线统计] 处理 101392 包 | 活跃流 26 | 速率 16.1 pps | DPI: nDPI
2026-07-25 22:09:29,356.356 INFO     fluxeye.collector.pipeline [流水线统计] 处理 101466 包 | 活跃流 27 | 速率 16.1 pps | DPI: nDPI
2026-07-25 22:09:39,357.357 INFO     fluxeye.collector.pipeline [流水线统计] 处理 101561 包 | 活跃流 29 | 速率 16.1 pps | DPI: nDPI
2026-07-25 22:09:49,358.358 INFO     fluxeye.collector.pipeline [流水线统计] 处理 101613 包 | 活跃流 27 | 速率 16.1 pps | DPI: nDPI
2026-07-25 22:09:59,358.358 INFO     fluxeye.collector.pipeline [流水线统计] 处理 101650 包 | 活跃流 22 | 速率 16.0 pps | DPI: nDPI
2026-07-25 22:10:09,359.359 INFO     fluxeye.collector.pipeline [流水线统计] 处理 101702 包 | 活跃流 18 | 速率 16.0 pps | DPI: nDPI
2026-07-25 22:10:19,360.360 INFO     fluxeye.collector.pipeline [流水线统计] 处理 101754 包 | 活跃流 19 | 速率 16.0 pps | DPI: nDPI
2026-07-25 22:10:29,361.361 INFO     fluxeye.collector.pipeline [流水线统计] 处理 102071 包 | 活跃流 34 | 速率 16.0 pps | DPI: nDPI
2026-07-25 22:10:39,362.362 INFO     fluxeye.collector.pipeline [流水线统计] 处理 102234 包 | 活跃流 38 | 速率 16.0 pps | DPI: nDPI
2026-07-25 22:10:49,363.363 INFO     fluxeye.collector.pipeline [流水线统计] 处理 102412 包 | 活跃流 45 | 速率 16.0 pps | DPI: nDPI
2026-07-25 22:10:59,364.364 INFO     fluxeye.collector.pipeline [流水线统计] 处理 102626 包 | 活跃流 55 | 速率 16.0 pps | DPI: nDPI
2026-07-25 22:11:09,365.365 INFO     fluxeye.collector.pipeline [流水线统计] 处理 102662 包 | 活跃流 54 | 速率 16.0 pps | DPI: nDPI
2026-07-25 22:11:19,366.366 INFO     fluxeye.collector.pipeline [流水线统计] 处理 102828 包 | 活跃流 61 | 速率 16.0 pps | DPI: nDPI
2026-07-25 22:11:29,366.366 INFO     fluxeye.collector.pipeline [流水线统计] 处理 102953 包 | 活跃流 56 | 速率 16.0 pps | DPI: nDPI
2026-07-25 22:11:39,367.367 INFO     fluxeye.collector.pipeline [流水线统计] 处理 103050 包 | 活跃流 47 | 速率 16.0 pps | DPI: nDPI
2026-07-25 22:11:49,368.368 INFO     fluxeye.collector.pipeline [流水线统计] 处理 103135 包 | 活跃流 42 | 速率 16.0 pps | DPI: nDPI
2026-07-25 22:11:59,369.369 INFO     fluxeye.collector.pipeline [流水线统计] 处理 103236 包 | 活跃流 34 | 速率 16.0 pps | DPI: nDPI
2026-07-25 22:12:09,370.370 INFO     fluxeye.collector.pipeline [流水线统计] 处理 103306 包 | 活跃流 37 | 速率 16.0 pps | DPI: nDPI
2026-07-25 22:12:19,371.371 INFO     fluxeye.collector.pipeline [流水线统计] 处理 103344 包 | 活跃流 32 | 速率 15.9 pps | DPI: nDPI
2026-07-25 22:12:29,373.373 INFO     fluxeye.collector.pipeline [流水线统计] 处理 103411 包 | 活跃流 26 | 速率 15.9 pps | DPI: nDPI
2026-07-25 22:12:39,374.374 INFO     fluxeye.collector.pipeline [流水线统计] 处理 103588 包 | 活跃流 30 | 速率 15.9 pps | DPI: nDPI
2026-07-25 22:12:49,375.375 INFO     fluxeye.collector.pipeline [流水线统计] 处理 103656 包 | 活跃流 28 | 速率 15.9 pps | DPI: nDPI
2026-07-25 22:12:59,376.376 INFO     fluxeye.collector.pipeline [流水线统计] 处理 103676 包 | 活跃流 26 | 速率 15.9 pps | DPI: nDPI
2026-07-25 22:13:09,376.376 INFO     fluxeye.collector.pipeline [流水线统计] 处理 103714 包 | 活跃流 20 | 速率 15.9 pps | DPI: nDPI
2026-07-25 22:13:19,377.377 INFO     fluxeye.collector.pipeline [流水线统计] 处理 103821 包 | 活跃流 29 | 速率 15.9 pps | DPI: nDPI
2026-07-25 22:13:29,377.377 INFO     fluxeye.collector.pipeline [流水线统计] 处理 105311 包 | 活跃流 32 | 速率 16.1 pps | DPI: nDPI
2026-07-25 22:13:39,378.378 INFO     fluxeye.collector.pipeline [流水线统计] 处理 105411 包 | 活跃流 26 | 速率 16.1 pps | DPI: nDPI
2026-07-25 22:13:49,379.379 INFO     fluxeye.collector.pipeline [流水线统计] 处理 105481 包 | 活跃流 29 | 速率 16.1 pps | DPI: nDPI
2026-07-25 22:13:59,379.379 INFO     fluxeye.collector.pipeline [流水线统计] 处理 105549 包 | 活跃流 30 | 速率 16.0 pps | DPI: nDPI
2026-07-25 22:14:09,381.381 INFO     fluxeye.collector.pipeline [流水线统计] 处理 106534 包 | 活跃流 31 | 速率 16.2 pps | DPI: nDPI
2026-07-25 22:14:19,382.382 INFO     fluxeye.collector.pipeline [流水线统计] 处理 106572 包 | 活跃流 30 | 速率 16.1 pps | DPI: nDPI
2026-07-25 22:14:29,383.383 INFO     fluxeye.collector.pipeline [流水线统计] 处理 106672 包 | 活跃流 24 | 速率 16.1 pps | DPI: nDPI
2026-07-25 22:14:39,382.382 INFO     fluxeye.collector.pipeline [流水线统计] 处理 106740 包 | 活跃流 22 | 速率 16.1 pps | DPI: nDPI
2026-07-25 22:14:49,382.382 INFO     fluxeye.collector.pipeline [流水线统计] 处理 106826 包 | 活跃流 21 | 速率 16.1 pps | DPI: nDPI
2026-07-25 22:14:59,383.383 INFO     fluxeye.collector.pipeline [流水线统计] 处理 106958 包 | 活跃流 26 | 速率 16.1 pps | DPI: nDPI
2026-07-25 22:15:09,384.384 INFO     fluxeye.collector.pipeline [流水线统计] 处理 107025 包 | 活跃流 26 | 速率 16.1 pps | DPI: nDPI
2026-07-25 22:15:19,386.386 INFO     fluxeye.collector.pipeline [流水线统计] 处理 107201 包 | 活跃流 36 | 速率 16.1 pps | DPI: nDPI
2026-07-25 22:15:29,386.386 INFO     fluxeye.collector.pipeline [流水线统计] 处理 107397 包 | 活跃流 44 | 速率 16.1 pps | DPI: nDPI
2026-07-25 22:15:39,387.387 INFO     fluxeye.collector.pipeline [流水线统计] 处理 107663 包 | 活跃流 53 | 速率 16.1 pps | DPI: nDPI
2026-07-25 22:15:49,387.387 INFO     fluxeye.collector.pipeline [流水线统计] 处理 107827 包 | 活跃流 58 | 速率 16.1 pps | DPI: nDPI
2026-07-25 22:15:59,389.389 INFO     fluxeye.collector.pipeline [流水线统计] 处理 108168 包 | 活跃流 78 | 速率 16.1 pps | DPI: nDPI
2026-07-25 22:16:09,389.389 INFO     fluxeye.collector.pipeline [流水线统计] 处理 108545 包 | 活跃流 91 | 速率 16.2 pps | DPI: nDPI
2026-07-25 22:16:19,389.389 INFO     fluxeye.collector.pipeline [流水线统计] 处理 108912 包 | 活跃流 108 | 速率 16.2 pps | DPI: nDPI
2026-07-25 22:16:29,390.390 INFO     fluxeye.collector.pipeline [流水线统计] 处理 109158 包 | 活跃流 108 | 速率 16.2 pps | DPI: nDPI
2026-07-25 22:16:39,391.391 INFO     fluxeye.collector.pipeline [流水线统计] 处理 109247 包 | 活跃流 99 | 速率 16.2 pps | DPI: nDPI
2026-07-25 22:16:49,391.391 INFO     fluxeye.collector.pipeline [流水线统计] 处理 109326 包 | 活跃流 89 | 速率 16.2 pps | DPI: nDPI
2026-07-25 22:16:59,393.393 INFO     fluxeye.collector.pipeline [流水线统计] 处理 109396 包 | 活跃流 77 | 速率 16.2 pps | DPI: nDPI
2026-07-25 22:17:09,394.394 INFO     fluxeye.collector.pipeline [流水线统计] 处理 109416 包 | 活跃流 56 | 速率 16.2 pps | DPI: nDPI
2026-07-25 22:17:19,394.394 INFO     fluxeye.collector.pipeline [流水线统计] 处理 109436 包 | 活跃流 36 | 速率 16.1 pps | DPI: nDPI
2026-07-25 22:17:29,396.396 INFO     fluxeye.collector.pipeline [流水线统计] 处理 109506 包 | 活跃流 17 | 速率 16.1 pps | DPI: nDPI
2026-07-25 22:17:39,397.397 INFO     fluxeye.collector.pipeline [流水线统计] 处理 109714 包 | 活跃流 26 | 速率 16.1 pps | DPI: nDPI
2026-07-25 22:17:49,398.398 INFO     fluxeye.collector.pipeline [流水线统计] 处理 109783 包 | 活跃流 26 | 速率 16.1 pps | DPI: nDPI
2026-07-25 22:17:59,399.399 INFO     fluxeye.collector.pipeline [流水线统计] 处理 109941 包 | 活跃流 29 | 速率 16.1 pps | DPI: nDPI
2026-07-25 22:18:09,400.400 INFO     fluxeye.collector.pipeline [流水线统计] 处理 110036 包 | 活跃流 34 | 速率 16.1 pps | DPI: nDPI
2026-07-25 22:18:19,401.401 INFO     fluxeye.collector.pipeline [流水线统计] 处理 110125 包 | 活跃流 37 | 速率 16.1 pps | DPI: nDPI
2026-07-25 22:18:29,402.402 INFO     fluxeye.collector.pipeline [流水线统计] 处理 110257 包 | 活跃流 41 | 速率 16.1 pps | DPI: nDPI
2026-07-25 22:18:39,404.404 INFO     fluxeye.collector.pipeline [流水线统计] 处理 110375 包 | 活跃流 37 | 速率 16.1 pps | DPI: nDPI
2026-07-25 22:18:49,404.404 INFO     fluxeye.collector.pipeline [流水线统计] 处理 110443 包 | 活跃流 35 | 速率 16.1 pps | DPI: nDPI
2026-07-25 22:18:59,406.406 INFO     fluxeye.collector.pipeline [流水线统计] 处理 110671 包 | 活跃流 44 | 速率 16.1 pps | DPI: nDPI
2026-07-25 22:19:09,407.407 INFO     fluxeye.collector.pipeline [流水线统计] 处理 111108 包 | 活跃流 61 | 速率 16.1 pps | DPI: nDPI
2026-07-25 22:19:19,408.408 INFO     fluxeye.collector.pipeline [流水线统计] 处理 111401 包 | 活跃流 74 | 速率 16.1 pps | DPI: nDPI
2026-07-25 22:19:29,409.409 INFO     fluxeye.collector.pipeline [流水线统计] 处理 111609 包 | 活跃流 81 | 速率 16.2 pps | DPI: nDPI
2026-07-25 22:19:39,409.409 INFO     fluxeye.collector.pipeline [流水线统计] 处理 111717 包 | 活跃流 78 | 速率 16.1 pps | DPI: nDPI
2026-07-25 22:19:49,412.412 INFO     fluxeye.collector.pipeline [流水线统计] 处理 111769 包 | 活跃流 77 | 速率 16.1 pps | DPI: nDPI
2026-07-25 22:19:59,413.413 INFO     fluxeye.collector.pipeline [流水线统计] 处理 111892 包 | 活跃流 77 | 速率 16.1 pps | DPI: nDPI
2026-07-25 22:20:09,414.414 INFO     fluxeye.collector.pipeline [流水线统计] 处理 111939 包 | 活跃流 51 | 速率 16.1 pps | DPI: nDPI
2026-07-25 22:20:19,415.415 INFO     fluxeye.collector.pipeline [流水线统计] 处理 111991 包 | 活跃流 38 | 速率 16.1 pps | DPI: nDPI
2026-07-25 22:20:29,417.417 INFO     fluxeye.collector.pipeline [流水线统计] 处理 112061 包 | 活跃流 23 | 速率 16.1 pps | DPI: nDPI
2026-07-25 22:20:39,418.418 INFO     fluxeye.collector.pipeline [流水线统计] 处理 112161 包 | 活跃流 24 | 速率 16.1 pps | DPI: nDPI
2026-07-25 22:20:49,419.419 INFO     fluxeye.collector.pipeline [流水线统计] 处理 112260 包 | 活跃流 27 | 速率 16.1 pps | DPI: nDPI
2026-07-25 22:20:59,420.420 INFO     fluxeye.collector.pipeline [流水线统计] 处理 112378 包 | 活跃流 26 | 速率 16.1 pps | DPI: nDPI
2026-07-25 22:21:09,421.421 INFO     fluxeye.collector.pipeline [流水线统计] 处理 112462 包 | 活跃流 28 | 速率 16.0 pps | DPI: nDPI
2026-07-25 22:21:19,422.422 INFO     fluxeye.collector.pipeline [流水线统计] 处理 112482 包 | 活跃流 27 | 速率 16.0 pps | DPI: nDPI
2026-07-25 22:21:29,424.424 INFO     fluxeye.collector.pipeline [流水线统计] 处理 112539 包 | 活跃流 26 | 速率 16.0 pps | DPI: nDPI
2026-07-25 22:21:39,424.424 INFO     fluxeye.collector.pipeline [流水线统计] 处理 112604 包 | 活跃流 24 | 速率 16.0 pps | DPI: nDPI
2026-07-25 22:21:49,425.425 INFO     fluxeye.collector.pipeline [流水线统计] 处理 112656 包 | 活跃流 22 | 速率 16.0 pps | DPI: nDPI
2026-07-25 22:21:59,426.426 INFO     fluxeye.collector.pipeline [流水线统计] 处理 112708 包 | 活跃流 21 | 速率 16.0 pps | DPI: nDPI
2026-07-25 22:22:09,426.426 INFO     fluxeye.collector.pipeline [流水线统计] 处理 112746 包 | 活跃流 16 | 速率 15.9 pps | DPI: nDPI
2026-07-25 22:22:19,427.427 INFO     fluxeye.collector.pipeline [流水线统计] 处理 112813 包 | 活跃流 16 | 速率 15.9 pps | DPI: nDPI
2026-07-25 22:22:29,428.428 INFO     fluxeye.collector.pipeline [流水线统计] 处理 112885 包 | 活跃流 19 | 速率 15.9 pps | DPI: nDPI
2026-07-25 22:22:39,429.429 INFO     fluxeye.collector.pipeline [流水线统计] 处理 112936 包 | 活跃流 16 | 速率 15.9 pps | DPI: nDPI
2026-07-25 22:22:49,431.431 INFO     fluxeye.collector.pipeline [流水线统计] 处理 113020 包 | 活跃流 18 | 速率 15.9 pps | DPI: nDPI
2026-07-25 22:22:59,432.432 INFO     fluxeye.collector.pipeline [流水线统计] 处理 113072 包 | 活跃流 18 | 速率 15.9 pps | DPI: nDPI
2026-07-25 22:23:09,433.433 INFO     fluxeye.collector.pipeline [流水线统计] 处理 113115 包 | 活跃流 19 | 速率 15.9 pps | DPI: nDPI
2026-07-25 22:23:19,435.435 INFO     fluxeye.collector.pipeline [流水线统计] 处理 113177 包 | 活跃流 19 | 速率 15.8 pps | DPI: nDPI
2026-07-25 22:23:29,436.436 INFO     fluxeye.collector.pipeline [流水线统计] 处理 113266 包 | 活跃流 20 | 速率 15.8 pps | DPI: nDPI
2026-07-25 22:23:39,436.436 INFO     fluxeye.collector.pipeline [流水线统计] 处理 113334 包 | 活跃流 20 | 速率 15.8 pps | DPI: nDPI
2026-07-25 22:23:49,437.437 INFO     fluxeye.collector.pipeline [流水线统计] 处理 113399 包 | 活跃流 19 | 速率 15.8 pps | DPI: nDPI
2026-07-25 22:23:59,438.438 INFO     fluxeye.collector.pipeline [流水线统计] 处理 113591 包 | 活跃流 26 | 速率 15.8 pps | DPI: nDPI
2026-07-25 22:24:09,439.439 INFO     fluxeye.collector.pipeline [流水线统计] 处理 113627 包 | 活跃流 26 | 速率 15.8 pps | DPI: nDPI
2026-07-25 22:24:19,441.441 INFO     fluxeye.collector.pipeline [流水线统计] 处理 113680 包 | 活跃流 25 | 速率 15.8 pps | DPI: nDPI
2026-07-25 22:24:29,442.442 INFO     fluxeye.collector.pipeline [流水线统计] 处理 113753 包 | 活跃流 26 | 速率 15.8 pps | DPI: nDPI
2026-07-25 22:24:39,442.442 INFO     fluxeye.collector.pipeline [流水线统计] 处理 113848 包 | 活跃流 28 | 速率 15.8 pps | DPI: nDPI
2026-07-25 22:24:49,442.442 INFO     fluxeye.collector.pipeline [流水线统计] 处理 113902 包 | 活跃流 27 | 速率 15.8 pps | DPI: nDPI
2026-07-25 22:24:59,442.442 INFO     fluxeye.collector.pipeline [流水线统计] 处理 113938 包 | 活跃流 21 | 速率 15.7 pps | DPI: nDPI
2026-07-25 22:25:09,443.443 INFO     fluxeye.collector.pipeline [流水线统计] 处理 113990 包 | 活跃流 18 | 速率 15.7 pps | DPI: nDPI
2026-07-25 22:25:19,444.444 INFO     fluxeye.collector.pipeline [流水线统计] 处理 114044 包 | 活跃流 19 | 速率 15.7 pps | DPI: nDPI
2026-07-25 22:25:29,446.446 INFO     fluxeye.collector.pipeline [流水线统计] 处理 114335 包 | 活跃流 33 | 速率 15.7 pps | DPI: nDPI
2026-07-25 22:25:39,448.448 INFO     fluxeye.collector.pipeline [流水线统计] 处理 114502 包 | 活跃流 38 | 速率 15.7 pps | DPI: nDPI
2026-07-25 22:25:49,448.448 INFO     fluxeye.collector.pipeline [流水线统计] 处理 114651 包 | 活跃流 42 | 速率 15.7 pps | DPI: nDPI
2026-07-25 22:25:59,449.449 INFO     fluxeye.collector.pipeline [流水线统计] 处理 114843 包 | 活跃流 52 | 速率 15.7 pps | DPI: nDPI
2026-07-25 22:26:09,450.450 INFO     fluxeye.collector.pipeline [流水线统计] 处理 114879 包 | 活跃流 51 | 速率 15.7 pps | DPI: nDPI
2026-07-25 22:26:19,451.451 INFO     fluxeye.collector.pipeline [流水线统计] 处理 115043 包 | 活跃流 58 | 速率 15.7 pps | DPI: nDPI
2026-07-25 22:26:29,452.452 INFO     fluxeye.collector.pipeline [流水线统计] 处理 115165 包 | 活跃流 54 | 速率 15.7 pps | DPI: nDPI
2026-07-25 22:26:39,453.453 INFO     fluxeye.collector.pipeline [流水线统计] 处理 115262 包 | 活跃流 45 | 速率 15.7 pps | DPI: nDPI
2026-07-25 22:26:49,454.454 INFO     fluxeye.collector.pipeline [流水线统计] 处理 115346 包 | 活跃流 39 | 速率 15.7 pps | DPI: nDPI
2026-07-25 22:26:59,456.456 INFO     fluxeye.collector.pipeline [流水线统计] 处理 115446 包 | 活跃流 32 | 速率 15.7 pps | DPI: nDPI
2026-07-25 22:27:09,457.457 INFO     fluxeye.collector.pipeline [流水线统计] 处理 115514 包 | 活跃流 35 | 速率 15.7 pps | DPI: nDPI
2026-07-25 22:27:19,459.459 INFO     fluxeye.collector.pipeline [流水线统计] 处理 115552 包 | 活跃流 31 | 速率 15.7 pps | DPI: nDPI
2026-07-25 22:27:29,459.459 INFO     fluxeye.collector.pipeline [流水线统计] 处理 115614 包 | 活跃流 24 | 速率 15.6 pps | DPI: nDPI
2026-07-25 22:27:39,460.460 INFO     fluxeye.collector.pipeline [流水线统计] 处理 115824 包 | 活跃流 30 | 速率 15.7 pps | DPI: nDPI
2026-07-25 22:27:49,461.461 INFO     fluxeye.collector.pipeline [流水线统计] 处理 115894 包 | 活跃流 30 | 速率 15.6 pps | DPI: nDPI
2026-07-25 22:27:59,461.461 INFO     fluxeye.collector.pipeline [流水线统计] 处理 115913 包 | 活跃流 28 | 速率 15.6 pps | DPI: nDPI
2026-07-25 22:28:09,462.462 INFO     fluxeye.collector.pipeline [流水线统计] 处理 115949 包 | 活跃流 22 | 速率 15.6 pps | DPI: nDPI
2026-07-25 22:28:19,463.463 INFO     fluxeye.collector.pipeline [流水线统计] 处理 116019 包 | 活跃流 24 | 速率 15.6 pps | DPI: nDPI
2026-07-25 22:28:29,463.463 INFO     fluxeye.collector.pipeline [流水线统计] 处理 116108 包 | 活跃流 27 | 速率 15.6 pps | DPI: nDPI
2026-07-25 22:28:39,468.468 INFO     fluxeye.collector.pipeline [流水线统计] 处理 116203 包 | 活跃流 19 | 速率 15.6 pps | DPI: nDPI
2026-07-25 22:28:49,469.469 INFO     fluxeye.collector.pipeline [流水线统计] 处理 116273 包 | 活跃流 21 | 速率 15.6 pps | DPI: nDPI
2026-07-25 22:28:59,470.470 INFO     fluxeye.collector.pipeline [流水线统计] 处理 116341 包 | 活跃流 22 | 速率 15.6 pps | DPI: nDPI
2026-07-25 22:29:09,472.472 INFO     fluxeye.collector.pipeline [流水线统计] 处理 116361 包 | 活跃流 21 | 速率 15.5 pps | DPI: nDPI
2026-07-25 22:29:19,473.473 INFO     fluxeye.collector.pipeline [流水线统计] 处理 116397 包 | 活跃流 19 | 速率 15.5 pps | DPI: nDPI
2026-07-25 22:29:29,474.474 INFO     fluxeye.collector.pipeline [流水线统计] 处理 116499 包 | 活跃流 22 | 速率 15.5 pps | DPI: nDPI
2026-07-25 22:29:39,475.475 INFO     fluxeye.collector.pipeline [流水线统计] 处理 116567 包 | 活跃流 19 | 速率 15.5 pps | DPI: nDPI
2026-07-25 22:29:49,476.476 INFO     fluxeye.collector.pipeline [流水线统计] 处理 116677 包 | 活跃流 20 | 速率 15.5 pps | DPI: nDPI
2026-07-25 22:29:59,477.477 INFO     fluxeye.collector.pipeline [流水线统计] 处理 116811 包 | 活跃流 25 | 速率 15.5 pps | DPI: nDPI
2026-07-25 22:30:09,478.478 INFO     fluxeye.collector.pipeline [流水线统计] 处理 117054 包 | 活跃流 32 | 速率 15.5 pps | DPI: nDPI
2026-07-25 22:30:19,478.478 INFO     fluxeye.collector.pipeline [流水线统计] 处理 117656 包 | 活跃流 42 | 速率 15.6 pps | DPI: nDPI
2026-07-25 22:30:29,479.479 INFO     fluxeye.collector.pipeline [流水线统计] 处理 118370 包 | 活跃流 54 | 速率 15.6 pps | DPI: nDPI
2026-07-25 22:30:39,480.480 INFO     fluxeye.collector.pipeline [流水线统计] 处理 119238 包 | 活跃流 65 | 速率 15.7 pps | DPI: nDPI
2026-07-25 22:30:49,481.481 INFO     fluxeye.collector.pipeline [流水线统计] 处理 119969 包 | 活跃流 70 | 速率 15.8 pps | DPI: nDPI
2026-07-25 22:30:59,482.482 INFO     fluxeye.collector.pipeline [流水线统计] 处理 120916 包 | 活跃流 92 | 速率 15.9 pps | DPI: nDPI
2026-07-25 22:31:09,483.483 INFO     fluxeye.collector.pipeline [流水线统计] 处理 121740 包 | 活跃流 105 | 速率 16.0 pps | DPI: nDPI
2026-07-25 22:31:19,483.483 INFO     fluxeye.collector.pipeline [流水线统计] 处理 122610 包 | 活跃流 120 | 速率 16.1 pps | DPI: nDPI
2026-07-25 22:31:29,483.483 INFO     fluxeye.collector.pipeline [流水线统计] 处理 123381 包 | 活跃流 118 | 速率 16.2 pps | DPI: nDPI
2026-07-25 22:31:39,485.485 INFO     fluxeye.collector.pipeline [流水线统计] 处理 124119 包 | 活跃流 111 | 速率 16.2 pps | DPI: nDPI
2026-07-25 22:31:49,486.486 INFO     fluxeye.collector.pipeline [流水线统计] 处理 124690 包 | 活跃流 99 | 速率 16.3 pps | DPI: nDPI
2026-07-25 22:31:59,487.487 INFO     fluxeye.collector.pipeline [流水线统计] 处理 125110 包 | 活跃流 87 | 速率 16.3 pps | DPI: nDPI
2026-07-25 22:32:09,489.489 INFO     fluxeye.collector.pipeline [流水线统计] 处理 125223 包 | 活跃流 64 | 速率 16.3 pps | DPI: nDPI
2026-07-25 22:32:19,490.490 INFO     fluxeye.collector.pipeline [流水线统计] 处理 125305 包 | 活跃流 45 | 速率 16.3 pps | DPI: nDPI
2026-07-25 22:32:29,490.490 INFO     fluxeye.collector.pipeline [流水线统计] 处理 125556 包 | 活跃流 26 | 速率 16.3 pps | DPI: nDPI
2026-07-25 22:32:39,491.491 INFO     fluxeye.collector.pipeline [流水线统计] 处理 126161 包 | 活跃流 32 | 速率 16.4 pps | DPI: nDPI
2026-07-25 22:32:49,492.492 INFO     fluxeye.collector.pipeline [流水线统计] 处理 126507 包 | 活跃流 33 | 速率 16.4 pps | DPI: nDPI
2026-07-25 22:32:59,493.493 INFO     fluxeye.collector.pipeline [流水线统计] 处理 126825 包 | 活跃流 38 | 速率 16.4 pps | DPI: nDPI
2026-07-25 22:33:09,493.493 INFO     fluxeye.collector.pipeline [流水线统计] 处理 127335 包 | 活跃流 42 | 速率 16.5 pps | DPI: nDPI
2026-07-25 22:33:19,494.494 INFO     fluxeye.collector.pipeline [流水线统计] 处理 127871 包 | 活跃流 45 | 速率 16.5 pps | DPI: nDPI
2026-07-25 22:33:29,494.494 INFO     fluxeye.collector.pipeline [流水线统计] 处理 128094 包 | 活跃流 48 | 速率 16.5 pps | DPI: nDPI
2026-07-25 22:33:39,496.496 INFO     fluxeye.collector.pipeline [流水线统计] 处理 128223 包 | 活跃流 42 | 速率 16.5 pps | DPI: nDPI
2026-07-25 22:33:49,497.497 INFO     fluxeye.collector.pipeline [流水线统计] 处理 128315 包 | 活跃流 41 | 速率 16.5 pps | DPI: nDPI
2026-07-25 22:33:59,498.498 INFO     fluxeye.collector.pipeline [流水线统计] 处理 128602 包 | 活跃流 51 | 速率 16.5 pps | DPI: nDPI
2026-07-25 22:34:09,499.499 INFO     fluxeye.collector.pipeline [流水线统计] 处理 129066 包 | 活跃流 67 | 速率 16.6 pps | DPI: nDPI
2026-07-25 22:34:19,500.500 INFO     fluxeye.collector.pipeline [流水线统计] 处理 129360 包 | 活跃流 79 | 速率 16.6 pps | DPI: nDPI
2026-07-25 22:34:29,501.501 INFO     fluxeye.collector.pipeline [流水线统计] 处理 129580 包 | 活跃流 88 | 速率 16.6 pps | DPI: nDPI
2026-07-25 22:34:39,502.502 INFO     fluxeye.collector.pipeline [流水线统计] 处理 129656 包 | 活跃流 84 | 速率 16.6 pps | DPI: nDPI
2026-07-25 22:34:49,502.502 INFO     fluxeye.collector.pipeline [流水线统计] 处理 129714 包 | 活跃流 81 | 速率 16.6 pps | DPI: nDPI
2026-07-25 22:34:59,502.502 INFO     fluxeye.collector.pipeline [流水线统计] 处理 129846 包 | 活跃流 77 | 速率 16.6 pps | DPI: nDPI
2026-07-25 22:35:09,505.505 INFO     fluxeye.collector.pipeline [流水线统计] 处理 129884 包 | 活跃流 52 | 速率 16.5 pps | DPI: nDPI
2026-07-25 22:35:19,506.506 INFO     fluxeye.collector.pipeline [流水线统计] 处理 129940 包 | 活跃流 39 | 速率 16.5 pps | DPI: nDPI
2026-07-25 22:35:29,507.507 INFO     fluxeye.collector.pipeline [流水线统计] 处理 130018 包 | 活跃流 25 | 速率 16.5 pps | DPI: nDPI
2026-07-25 22:35:39,507.507 INFO     fluxeye.collector.pipeline [流水线统计] 处理 130109 包 | 活跃流 25 | 速率 16.5 pps | DPI: nDPI
2026-07-25 22:35:49,508.508 INFO     fluxeye.collector.pipeline [流水线统计] 处理 130214 包 | 活跃流 28 | 速率 16.5 pps | DPI: nDPI
2026-07-25 22:35:59,509.509 INFO     fluxeye.collector.pipeline [流水线统计] 处理 130381 包 | 活跃流 29 | 速率 16.5 pps | DPI: nDPI
2026-07-25 22:36:09,509.509 INFO     fluxeye.collector.pipeline [流水线统计] 处理 130487 包 | 活跃流 32 | 速率 16.5 pps | DPI: nDPI
2026-07-25 22:36:19,510.510 INFO     fluxeye.collector.pipeline [流水线统计] 处理 130509 包 | 活跃流 30 | 速率 16.5 pps | DPI: nDPI
2026-07-25 22:36:29,511.511 INFO     fluxeye.collector.pipeline [流水线统计] 处理 130595 包 | 活跃流 32 | 速率 16.5 pps | DPI: nDPI
2026-07-25 22:36:39,514.514 INFO     fluxeye.collector.pipeline [流水线统计] 处理 130658 包 | 活跃流 28 | 速率 16.5 pps | DPI: nDPI
2026-07-25 22:36:49,513.513 INFO     fluxeye.collector.pipeline [流水线统计] 处理 130742 包 | 活跃流 28 | 速率 16.4 pps | DPI: nDPI
2026-07-25 22:36:59,515.515 INFO     fluxeye.collector.pipeline [流水线统计] 处理 130800 包 | 活跃流 25 | 速率 16.4 pps | DPI: nDPI
2026-07-25 22:37:09,517.517 INFO     fluxeye.collector.pipeline [流水线统计] 处理 130862 包 | 活跃流 20 | 速率 16.4 pps | DPI: nDPI
2026-07-25 22:37:19,522.522 INFO     fluxeye.collector.pipeline [流水线统计] 处理 130930 包 | 活跃流 20 | 速率 16.4 pps | DPI: nDPI
2026-07-25 22:37:29,522.522 INFO     fluxeye.collector.pipeline [流水线统计] 处理 131007 包 | 活跃流 21 | 速率 16.4 pps | DPI: nDPI
2026-07-25 22:37:39,523.523 INFO     fluxeye.collector.pipeline [流水线统计] 处理 131056 包 | 活跃流 19 | 速率 16.4 pps | DPI: nDPI
2026-07-25 22:37:49,524.524 INFO     fluxeye.collector.pipeline [流水线统计] 处理 131144 包 | 活跃流 20 | 速率 16.4 pps | DPI: nDPI
2026-07-25 22:37:59,525.525 INFO     fluxeye.collector.pipeline [流水线统计] 处理 131198 包 | 活跃流 20 | 速率 16.4 pps | DPI: nDPI
2026-07-25 22:38:09,526.526 INFO     fluxeye.collector.pipeline [流水线统计] 处理 131241 包 | 活跃流 21 | 速率 16.3 pps | DPI: nDPI
2026-07-25 22:38:19,528.528 INFO     fluxeye.collector.pipeline [流水线统计] 处理 131306 包 | 活跃流 20 | 速率 16.3 pps | DPI: nDPI
2026-07-25 22:38:29,529.529 INFO     fluxeye.collector.pipeline [流水线统计] 处理 131406 包 | 活跃流 20 | 速率 16.3 pps | DPI: nDPI
2026-07-25 22:38:39,530.530 INFO     fluxeye.collector.pipeline [流水线统计] 处理 131467 包 | 活跃流 23 | 速率 16.3 pps | DPI: nDPI
2026-07-25 22:38:49,532.532 INFO     fluxeye.collector.pipeline [流水线统计] 处理 131534 包 | 活跃流 20 | 速率 16.3 pps | DPI: nDPI
2026-07-25 22:38:59,533.533 INFO     fluxeye.collector.pipeline [流水线统计] 处理 131698 包 | 活跃流 27 | 速率 16.3 pps | DPI: nDPI
2026-07-25 22:39:09,534.534 INFO     fluxeye.collector.pipeline [流水线统计] 处理 131739 包 | 活跃流 27 | 速率 16.3 pps | DPI: nDPI
2026-07-25 22:39:19,535.535 INFO     fluxeye.collector.pipeline [流水线统计] 处理 131791 包 | 活跃流 26 | 速率 16.3 pps | DPI: nDPI
2026-07-25 22:39:29,537.537 INFO     fluxeye.collector.pipeline [流水线统计] 处理 131875 包 | 活跃流 27 | 速率 16.3 pps | DPI: nDPI
2026-07-25 22:39:39,538.538 INFO     fluxeye.collector.pipeline [流水线统计] 处理 131961 包 | 活跃流 29 | 速率 16.2 pps | DPI: nDPI
2026-07-25 22:39:49,539.539 INFO     fluxeye.collector.pipeline [流水线统计] 处理 132013 包 | 活跃流 26 | 速率 16.2 pps | DPI: nDPI
2026-07-25 22:39:59,541.541 INFO     fluxeye.collector.pipeline [流水线统计] 处理 132049 包 | 活跃流 21 | 速率 16.2 pps | DPI: nDPI
2026-07-25 22:40:09,542.542 INFO     fluxeye.collector.pipeline [流水线统计] 处理 132102 包 | 活跃流 18 | 速率 16.2 pps | DPI: nDPI
2026-07-25 22:40:19,543.543 INFO     fluxeye.collector.pipeline [流水线统计] 处理 132154 包 | 活跃流 18 | 速率 16.2 pps | DPI: nDPI
2026-07-25 22:40:29,544.544 INFO     fluxeye.collector.pipeline [流水线统计] 处理 132451 包 | 活跃流 34 | 速率 16.2 pps | DPI: nDPI
2026-07-25 22:40:39,545.545 INFO     fluxeye.collector.pipeline [流水线统计] 处理 132620 包 | 活跃流 37 | 速率 16.2 pps | DPI: nDPI
2026-07-25 22:40:49,546.546 INFO     fluxeye.collector.pipeline [流水线统计] 处理 132765 包 | 活跃流 43 | 速率 16.2 pps | DPI: nDPI
2026-07-25 22:40:59,547.547 INFO     fluxeye.collector.pipeline [流水线统计] 处理 132985 包 | 活跃流 53 | 速率 16.2 pps | DPI: nDPI
2026-07-25 22:41:09,548.548 INFO     fluxeye.collector.pipeline [流水线统计] 处理 133045 包 | 活跃流 53 | 速率 16.2 pps | DPI: nDPI
2026-07-25 22:41:19,548.548 INFO     fluxeye.collector.pipeline [流水线统计] 处理 133212 包 | 活跃流 60 | 速率 16.2 pps | DPI: nDPI
2026-07-25 22:41:29,549.549 INFO     fluxeye.collector.pipeline [流水线统计] 处理 133351 包 | 活跃流 55 | 速率 16.2 pps | DPI: nDPI
2026-07-25 22:41:39,550.550 INFO     fluxeye.collector.pipeline [流水线统计] 处理 133430 包 | 活跃流 47 | 速率 16.2 pps | DPI: nDPI
2026-07-25 22:41:49,551.551 INFO     fluxeye.collector.pipeline [流水线统计] 处理 133564 包 | 活跃流 43 | 速率 16.2 pps | DPI: nDPI
2026-07-25 22:41:59,551.551 INFO     fluxeye.collector.pipeline [流水线统计] 处理 133697 包 | 活跃流 37 | 速率 16.2 pps | DPI: nDPI
2026-07-25 22:42:09,552.552 INFO     fluxeye.collector.pipeline [流水线统计] 处理 133765 包 | 活跃流 40 | 速率 16.2 pps | DPI: nDPI
2026-07-25 22:42:19,554.554 INFO     fluxeye.collector.pipeline [流水线统计] 处理 133805 包 | 活跃流 35 | 速率 16.2 pps | DPI: nDPI
2026-07-25 22:42:29,556.556 INFO     fluxeye.collector.pipeline [流水线统计] 处理 133880 包 | 活跃流 30 | 速率 16.1 pps | DPI: nDPI
2026-07-25 22:42:39,557.557 INFO     fluxeye.collector.pipeline [流水线统计] 处理 134039 包 | 活跃流 33 | 速率 16.1 pps | DPI: nDPI
2026-07-25 22:42:49,558.558 INFO     fluxeye.collector.pipeline [流水线统计] 处理 134109 包 | 活跃流 31 | 速率 16.1 pps | DPI: nDPI
2026-07-25 22:42:59,558.558 INFO     fluxeye.collector.pipeline [流水线统计] 处理 134135 包 | 活跃流 27 | 速率 16.1 pps | DPI: nDPI
2026-07-25 22:43:09,559.559 INFO     fluxeye.collector.pipeline [流水线统计] 处理 134171 包 | 活跃流 21 | 速率 16.1 pps | DPI: nDPI
2026-07-25 22:43:19,559.559 INFO     fluxeye.collector.pipeline [流水线统计] 处理 134241 包 | 活跃流 22 | 速率 16.1 pps | DPI: nDPI
2026-07-25 22:43:29,563.563 INFO     fluxeye.collector.pipeline [流水线统计] 处理 134334 包 | 活跃流 26 | 速率 16.1 pps | DPI: nDPI
2026-07-25 22:43:39,564.564 INFO     fluxeye.collector.pipeline [流水线统计] 处理 134429 包 | 活跃流 20 | 速率 16.1 pps | DPI: nDPI
2026-07-25 22:43:49,565.565 INFO     fluxeye.collector.pipeline [流水线统计] 处理 134499 包 | 活跃流 22 | 速率 16.1 pps | DPI: nDPI
2026-07-25 22:43:59,566.566 INFO     fluxeye.collector.pipeline [流水线统计] 处理 134577 包 | 活跃流 23 | 速率 16.1 pps | DPI: nDPI
2026-07-25 22:44:09,567.567 INFO     fluxeye.collector.pipeline [流水线统计] 处理 134597 包 | 活跃流 22 | 速率 16.0 pps | DPI: nDPI
2026-07-25 22:44:19,568.568 INFO     fluxeye.collector.pipeline [流水线统计] 处理 134633 包 | 活跃流 21 | 速率 16.0 pps | DPI: nDPI
2026-07-25 22:44:29,569.569 INFO     fluxeye.collector.pipeline [流水线统计] 处理 134735 包 | 活跃流 21 | 速率 16.0 pps | DPI: nDPI
2026-07-25 22:44:39,570.570 INFO     fluxeye.collector.pipeline [流水线统计] 处理 134803 包 | 活跃流 19 | 速率 16.0 pps | DPI: nDPI
2026-07-25 22:44:49,571.571 INFO     fluxeye.collector.pipeline [流水线统计] 处理 134887 包 | 活跃流 19 | 速率 16.0 pps | DPI: nDPI
2026-07-25 22:44:59,572.572 INFO     fluxeye.collector.pipeline [流水线统计] 处理 135019 包 | 活跃流 23 | 速率 16.0 pps | DPI: nDPI
2026-07-25 22:45:09,573.573 INFO     fluxeye.collector.pipeline [流水线统计] 处理 135117 包 | 活跃流 28 | 速率 16.0 pps | DPI: nDPI
2026-07-25 22:45:19,574.574 INFO     fluxeye.collector.pipeline [流水线统计] 处理 135315 包 | 活跃流 38 | 速率 16.0 pps | DPI: nDPI
2026-07-25 22:45:29,575.575 INFO     fluxeye.collector.pipeline [流水线统计] 处理 135522 包 | 活跃流 46 | 速率 16.0 pps | DPI: nDPI
2026-07-25 22:45:39,576.576 INFO     fluxeye.collector.pipeline [流水线统计] 处理 135778 包 | 活跃流 57 | 速率 16.0 pps | DPI: nDPI
2026-07-25 22:45:49,577.577 INFO     fluxeye.collector.pipeline [流水线统计] 处理 135932 包 | 活跃流 61 | 速率 16.0 pps | DPI: nDPI
2026-07-25 22:45:59,578.578 INFO     fluxeye.collector.pipeline [流水线统计] 处理 136301 包 | 活跃流 79 | 速率 16.0 pps | DPI: nDPI
2026-07-25 22:46:09,579.579 INFO     fluxeye.collector.pipeline [流水线统计] 处理 136715 包 | 活跃流 95 | 速率 16.1 pps | DPI: nDPI
2026-07-25 22:46:19,580.580 INFO     fluxeye.collector.pipeline [流水线统计] 处理 137082 包 | 活跃流 112 | 速率 16.1 pps | DPI: nDPI
2026-07-25 22:46:29,581.581 INFO     fluxeye.collector.pipeline [流水线统计] 处理 137323 包 | 活跃流 111 | 速率 16.1 pps | DPI: nDPI
2026-07-25 22:46:39,581.581 INFO     fluxeye.collector.pipeline [流水线统计] 处理 137420 包 | 活跃流 100 | 速率 16.1 pps | DPI: nDPI
2026-07-25 22:46:49,582.582 INFO     fluxeye.collector.pipeline [流水线统计] 处理 137494 包 | 活跃流 91 | 速率 16.1 pps | DPI: nDPI
2026-07-25 22:46:59,583.583 INFO     fluxeye.collector.pipeline [流水线统计] 处理 137593 包 | 活跃流 78 | 速率 16.1 pps | DPI: nDPI
2026-07-25 22:47:09,587.587 INFO     fluxeye.collector.pipeline [流水线统计] 处理 137613 包 | 活跃流 55 | 速率 16.1 pps | DPI: nDPI
2026-07-25 22:47:19,588.588 INFO     fluxeye.collector.pipeline [流水线统计] 处理 137637 包 | 活跃流 36 | 速率 16.0 pps | DPI: nDPI
2026-07-25 22:47:29,588.588 INFO     fluxeye.collector.pipeline [流水线统计] 处理 137707 包 | 活跃流 19 | 速率 16.0 pps | DPI: nDPI
2026-07-25 22:47:39,589.589 INFO     fluxeye.collector.pipeline [流水线统计] 处理 137887 包 | 活跃流 26 | 速率 16.0 pps | DPI: nDPI
2026-07-25 22:47:49,590.590 INFO     fluxeye.collector.pipeline [流水线统计] 处理 137959 包 | 活跃流 25 | 速率 16.0 pps | DPI: nDPI
2026-07-25 22:47:59,591.591 INFO     fluxeye.collector.pipeline [流水线统计] 处理 138116 包 | 活跃流 30 | 速率 16.0 pps | DPI: nDPI
2026-07-25 22:48:09,594.594 INFO     fluxeye.collector.pipeline [流水线统计] 处理 138220 包 | 活跃流 33 | 速率 16.0 pps | DPI: nDPI
2026-07-25 22:48:19,595.595 INFO     fluxeye.collector.pipeline [流水线统计] 处理 138296 包 | 活跃流 35 | 速率 16.0 pps | DPI: nDPI
2026-07-25 22:48:29,595.595 INFO     fluxeye.collector.pipeline [流水线统计] 处理 138430 包 | 活跃流 40 | 速率 16.0 pps | DPI: nDPI
2026-07-25 22:48:39,596.596 INFO     fluxeye.collector.pipeline [流水线统计] 处理 138540 包 | 活跃流 36 | 速率 16.0 pps | DPI: nDPI
2026-07-25 22:48:49,597.597 INFO     fluxeye.collector.pipeline [流水线统计] 处理 138612 包 | 活跃流 36 | 速率 16.0 pps | DPI: nDPI
2026-07-25 22:48:59,598.598 INFO     fluxeye.collector.pipeline [流水线统计] 处理 138844 包 | 活跃流 45 | 速率 16.0 pps | DPI: nDPI
2026-07-25 22:49:09,599.599 INFO     fluxeye.collector.pipeline [流水线统计] 处理 139283 包 | 活跃流 61 | 速率 16.0 pps | DPI: nDPI
2026-07-25 22:49:19,600.600 INFO     fluxeye.collector.pipeline [流水线统计] 处理 139587 包 | 活跃流 75 | 速率 16.0 pps | DPI: nDPI
2026-07-25 22:49:29,601.601 INFO     fluxeye.collector.pipeline [流水线统计] 处理 139793 包 | 活跃流 82 | 速率 16.0 pps | DPI: nDPI
2026-07-25 22:49:39,602.602 INFO     fluxeye.collector.pipeline [流水线统计] 处理 139867 包 | 活跃流 76 | 速率 16.0 pps | DPI: nDPI
2026-07-25 22:49:49,604.604 INFO     fluxeye.collector.pipeline [流水线统计] 处理 139919 包 | 活跃流 76 | 速率 16.0 pps | DPI: nDPI
2026-07-25 22:49:59,604.604 INFO     fluxeye.collector.pipeline [流水线统计] 处理 140052 包 | 活跃流 73 | 速率 16.0 pps | DPI: nDPI
2026-07-25 22:50:09,605.605 INFO     fluxeye.collector.pipeline [流水线统计] 处理 140088 包 | 活跃流 49 | 速率 16.0 pps | DPI: nDPI
2026-07-25 22:50:19,608.608 INFO     fluxeye.collector.pipeline [流水线统计] 处理 140140 包 | 活跃流 34 | 速率 16.0 pps | DPI: nDPI
2026-07-25 22:50:29,610.610 INFO     fluxeye.collector.pipeline [流水线统计] 处理 140220 包 | 活跃流 24 | 速率 16.0 pps | DPI: nDPI
2026-07-25 22:50:39,611.611 INFO     fluxeye.collector.pipeline [流水线统计] 处理 140310 包 | 活跃流 23 | 速率 16.0 pps | DPI: nDPI
2026-07-25 22:50:49,612.612 INFO     fluxeye.collector.pipeline [流水线统计] 处理 140410 包 | 活跃流 26 | 速率 16.0 pps | DPI: nDPI
2026-07-25 22:50:59,613.613 INFO     fluxeye.collector.pipeline [流水线统计] 处理 140528 包 | 活跃流 26 | 速率 16.0 pps | DPI: nDPI
2026-07-25 22:51:09,613.613 INFO     fluxeye.collector.pipeline [流水线统计] 处理 140612 包 | 活跃流 28 | 速率 16.0 pps | DPI: nDPI
2026-07-25 22:51:19,615.615 INFO     fluxeye.collector.pipeline [流水线统计] 处理 140632 包 | 活跃流 27 | 速率 15.9 pps | DPI: nDPI
2026-07-25 22:51:29,616.616 INFO     fluxeye.collector.pipeline [流水线统计] 处理 140774 包 | 活跃流 31 | 速率 15.9 pps | DPI: nDPI
2026-07-25 22:51:39,617.617 INFO     fluxeye.collector.pipeline [流水线统计] 处理 140923 包 | 活跃流 29 | 速率 15.9 pps | DPI: nDPI
2026-07-25 22:51:49,619.619 INFO     fluxeye.collector.pipeline [流水线统计] 处理 141042 包 | 活跃流 30 | 速率 15.9 pps | DPI: nDPI
2026-07-25 22:51:59,621.621 INFO     fluxeye.collector.pipeline [流水线统计] 处理 141093 包 | 活跃流 26 | 速率 15.9 pps | DPI: nDPI
2026-07-25 22:52:09,622.622 INFO     fluxeye.collector.pipeline [流水线统计] 处理 141131 包 | 活跃流 24 | 速率 15.9 pps | DPI: nDPI
2026-07-25 22:52:19,622.622 INFO     fluxeye.collector.pipeline [流水线统计] 处理 141199 包 | 活跃流 25 | 速率 15.9 pps | DPI: nDPI
2026-07-25 22:52:29,622.622 INFO     fluxeye.collector.pipeline [流水线统计] 处理 141283 包 | 活跃流 27 | 速率 15.9 pps | DPI: nDPI
2026-07-25 22:52:39,623.623 INFO     fluxeye.collector.pipeline [流水线统计] 处理 141321 包 | 活跃流 19 | 速率 15.9 pps | DPI: nDPI
2026-07-25 22:52:49,623.623 INFO     fluxeye.collector.pipeline [流水线统计] 处理 141405 包 | 活跃流 18 | 速率 15.9 pps | DPI: nDPI
2026-07-25 22:52:59,624.624 INFO     fluxeye.collector.pipeline [流水线统计] 处理 141457 包 | 活跃流 18 | 速率 15.9 pps | DPI: nDPI
2026-07-25 22:53:09,625.625 INFO     fluxeye.collector.pipeline [流水线统计] 处理 141511 包 | 活跃流 19 | 速率 15.8 pps | DPI: nDPI
2026-07-25 22:53:19,626.626 INFO     fluxeye.collector.pipeline [流水线统计] 处理 141563 包 | 活跃流 19 | 速率 15.8 pps | DPI: nDPI
2026-07-25 22:53:29,628.628 INFO     fluxeye.collector.pipeline [流水线统计] 处理 141652 包 | 活跃流 20 | 速率 15.8 pps | DPI: nDPI
2026-07-25 22:53:39,629.629 INFO     fluxeye.collector.pipeline [流水线统计] 处理 141733 包 | 活跃流 21 | 速率 15.8 pps | DPI: nDPI
2026-07-25 22:53:49,630.630 INFO     fluxeye.collector.pipeline [流水线统计] 处理 141785 包 | 活跃流 19 | 速率 15.8 pps | DPI: nDPI
2026-07-25 22:53:59,631.631 INFO     fluxeye.collector.pipeline [流水线统计] 处理 141977 包 | 活跃流 27 | 速率 15.8 pps | DPI: nDPI
2026-07-25 22:54:09,632.632 INFO     fluxeye.collector.pipeline [流水线统计] 处理 142013 包 | 活跃流 26 | 速率 15.8 pps | DPI: nDPI
2026-07-25 22:54:19,632.632 INFO     fluxeye.collector.pipeline [流水线统计] 处理 142067 包 | 活跃流 26 | 速率 15.8 pps | DPI: nDPI
2026-07-25 22:54:29,634.634 INFO     fluxeye.collector.pipeline [流水线统计] 处理 142151 包 | 活跃流 26 | 速率 15.8 pps | DPI: nDPI
2026-07-25 22:54:39,636.636 INFO     fluxeye.collector.pipeline [流水线统计] 处理 142235 包 | 活跃流 28 | 速率 15.8 pps | DPI: nDPI
2026-07-25 22:54:49,637.637 INFO     fluxeye.collector.pipeline [流水线统计] 处理 142289 包 | 活跃流 27 | 速率 15.8 pps | DPI: nDPI
2026-07-25 22:54:59,638.638 INFO     fluxeye.collector.pipeline [流水线统计] 处理 142325 包 | 活跃流 19 | 速率 15.7 pps | DPI: nDPI
2026-07-25 22:55:09,639.639 INFO     fluxeye.collector.pipeline [流水线统计] 处理 142377 包 | 活跃流 18 | 速率 15.7 pps | DPI: nDPI
2026-07-25 22:55:19,640.640 INFO     fluxeye.collector.pipeline [流水线统计] 处理 142431 包 | 活跃流 18 | 速率 15.7 pps | DPI: nDPI
2026-07-25 22:55:29,641.641 INFO     fluxeye.collector.pipeline [流水线统计] 处理 142739 包 | 活跃流 34 | 速率 15.7 pps | DPI: nDPI
2026-07-25 22:55:39,642.642 INFO     fluxeye.collector.pipeline [流水线统计] 处理 142919 包 | 活跃流 38 | 速率 15.7 pps | DPI: nDPI
2026-07-25 22:55:49,643.643 INFO     fluxeye.collector.pipeline [流水线统计] 处理 143053 包 | 活跃流 43 | 速率 15.7 pps | DPI: nDPI
2026-07-25 22:55:59,643.643 INFO     fluxeye.collector.pipeline [流水线统计] 处理 143233 包 | 活跃流 52 | 速率 15.7 pps | DPI: nDPI
2026-07-25 22:56:09,644.644 INFO     fluxeye.collector.pipeline [流水线统计] 处理 143269 包 | 活跃流 51 | 速率 15.7 pps | DPI: nDPI
2026-07-25 22:56:19,645.645 INFO     fluxeye.collector.pipeline [流水线统计] 处理 143433 包 | 活跃流 57 | 速率 15.7 pps | DPI: nDPI
2026-07-25 22:56:29,646.646 INFO     fluxeye.collector.pipeline [流水线统计] 处理 143583 包 | 活跃流 53 | 速率 15.7 pps | DPI: nDPI
2026-07-25 22:56:39,646.646 INFO     fluxeye.collector.pipeline [流水线统计] 处理 143651 包 | 活跃流 45 | 速率 15.7 pps | DPI: nDPI
2026-07-25 22:56:49,647.647 INFO     fluxeye.collector.pipeline [流水线统计] 处理 143735 包 | 活跃流 39 | 速率 15.7 pps | DPI: nDPI
2026-07-25 22:56:59,646.646 INFO     fluxeye.collector.pipeline [流水线统计] 处理 143837 包 | 活跃流 33 | 速率 15.7 pps | DPI: nDPI
2026-07-25 22:57:09,648.648 INFO     fluxeye.collector.pipeline [流水线统计] 处理 143905 包 | 活跃流 35 | 速率 15.7 pps | DPI: nDPI
2026-07-25 22:57:19,649.649 INFO     fluxeye.collector.pipeline [流水线统计] 处理 143941 包 | 活跃流 31 | 速率 15.7 pps | DPI: nDPI
2026-07-25 22:57:29,649.649 INFO     fluxeye.collector.pipeline [流水线统计] 处理 144015 包 | 活跃流 26 | 速率 15.7 pps | DPI: nDPI
2026-07-25 22:57:39,649.649 INFO     fluxeye.collector.pipeline [流水线统计] 处理 144173 包 | 活跃流 28 | 速率 15.7 pps | DPI: nDPI
2026-07-25 22:57:49,649.649 INFO     fluxeye.collector.pipeline [流水线统计] 处理 144241 包 | 活跃流 27 | 速率 15.7 pps | DPI: nDPI
2026-07-25 22:57:59,651.651 INFO     fluxeye.collector.pipeline [流水线统计] 处理 144263 包 | 活跃流 23 | 速率 15.6 pps | DPI: nDPI
2026-07-25 22:58:09,652.652 INFO     fluxeye.collector.pipeline [流水线统计] 处理 144299 包 | 活跃流 20 | 速率 15.6 pps | DPI: nDPI
2026-07-25 22:58:19,654.654 INFO     fluxeye.collector.pipeline [流水线统计] 处理 144367 包 | 活跃流 22 | 速率 15.6 pps | DPI: nDPI
2026-07-25 22:58:29,655.655 INFO     fluxeye.collector.pipeline [流水线统计] 处理 144467 包 | 活跃流 24 | 速率 15.6 pps | DPI: nDPI
2026-07-25 22:58:39,656.656 INFO     fluxeye.collector.pipeline [流水线统计] 处理 144587 包 | 活跃流 21 | 速率 15.6 pps | DPI: nDPI
2026-07-25 22:58:49,657.657 INFO     fluxeye.collector.pipeline [流水线统计] 处理 144661 包 | 活跃流 23 | 速率 15.6 pps | DPI: nDPI
2026-07-25 22:58:59,658.658 INFO     fluxeye.collector.pipeline [流水线统计] 处理 144729 包 | 活跃流 24 | 速率 15.6 pps | DPI: nDPI
2026-07-25 22:59:09,659.659 INFO     fluxeye.collector.pipeline [流水线统计] 处理 144751 包 | 活跃流 23 | 速率 15.6 pps | DPI: nDPI
2026-07-25 22:59:19,660.660 INFO     fluxeye.collector.pipeline [流水线统计] 处理 144828 包 | 活跃流 24 | 速率 15.6 pps | DPI: nDPI
2026-07-25 22:59:29,661.661 INFO     fluxeye.collector.pipeline [流水线统计] 处理 144933 包 | 活跃流 26 | 速率 15.6 pps | DPI: nDPI
2026-07-25 22:59:39,662.662 INFO     fluxeye.collector.pipeline [流水线统计] 处理 144998 包 | 活跃流 22 | 速率 15.6 pps | DPI: nDPI
2026-07-25 22:59:49,663.663 INFO     fluxeye.collector.pipeline [流水线统计] 处理 145082 包 | 活跃流 21 | 速率 15.5 pps | DPI: nDPI
2026-07-25 22:59:59,664.664 INFO     fluxeye.collector.pipeline [流水线统计] 处理 145219 包 | 活跃流 27 | 速率 15.5 pps | DPI: nDPI
2026-07-25 23:00:09,665.665 INFO     fluxeye.collector.pipeline [流水线统计] 处理 145300 包 | 活跃流 29 | 速率 15.5 pps | DPI: nDPI
2026-07-25 23:00:19,666.666 INFO     fluxeye.collector.pipeline [流水线统计] 处理 145499 包 | 活跃流 40 | 速率 15.5 pps | DPI: nDPI
2026-07-25 23:00:29,666.666 INFO     fluxeye.collector.pipeline [流水线统计] 处理 145692 包 | 活跃流 45 | 速率 15.5 pps | DPI: nDPI
2026-07-25 23:00:39,668.668 INFO     fluxeye.collector.pipeline [流水线统计] 处理 145946 包 | 活跃流 55 | 速率 15.6 pps | DPI: nDPI
2026-07-25 23:00:49,669.669 INFO     fluxeye.collector.pipeline [流水线统计] 处理 146102 包 | 活跃流 60 | 速率 15.6 pps | DPI: nDPI
2026-07-25 23:00:59,670.670 INFO     fluxeye.collector.pipeline [流水线统计] 处理 146442 包 | 活跃流 77 | 速率 15.6 pps | DPI: nDPI
2026-07-25 23:01:09,672.672 INFO     fluxeye.collector.pipeline [流水线统计] 处理 146831 包 | 活跃流 92 | 速率 15.6 pps | DPI: nDPI
2026-07-25 23:01:19,671.671 INFO     fluxeye.collector.pipeline [流水线统计] 处理 147251 包 | 活跃流 114 | 速率 15.6 pps | DPI: nDPI
2026-07-25 23:01:29,671.671 INFO     fluxeye.collector.pipeline [流水线统计] 处理 147533 包 | 活跃流 113 | 速率 15.6 pps | DPI: nDPI
2026-07-25 23:01:39,672.672 INFO     fluxeye.collector.pipeline [流水线统计] 处理 147617 包 | 活跃流 102 | 速率 15.6 pps | DPI: nDPI
2026-07-25 23:01:49,674.674 INFO     fluxeye.collector.pipeline [流水线统计] 处理 147687 包 | 活跃流 93 | 速率 15.6 pps | DPI: nDPI
2026-07-25 23:01:59,676.676 INFO     fluxeye.collector.pipeline [流水线统计] 处理 147754 包 | 活跃流 78 | 速率 15.6 pps | DPI: nDPI
2026-07-25 23:02:09,677.677 INFO     fluxeye.collector.pipeline [流水线统计] 处理 147774 包 | 活跃流 56 | 速率 15.6 pps | DPI: nDPI
2026-07-25 23:02:19,677.677 INFO     fluxeye.collector.pipeline [流水线统计] 处理 147796 包 | 活跃流 36 | 速率 15.6 pps | DPI: nDPI
2026-07-25 23:02:29,678.678 INFO     fluxeye.collector.pipeline [流水线统计] 处理 147911 包 | 活跃流 20 | 速率 15.6 pps | DPI: nDPI
2026-07-25 23:02:39,680.680 INFO     fluxeye.collector.pipeline [流水线统计] 处理 148117 包 | 活跃流 26 | 速率 15.6 pps | DPI: nDPI
2026-07-25 23:02:49,682.682 INFO     fluxeye.collector.pipeline [流水线统计] 处理 148185 包 | 活跃流 25 | 速率 15.6 pps | DPI: nDPI
2026-07-25 23:02:59,683.683 INFO     fluxeye.collector.pipeline [流水线统计] 处理 148340 包 | 活跃流 31 | 速率 15.6 pps | DPI: nDPI
2026-07-25 23:03:09,684.684 INFO     fluxeye.collector.pipeline [流水线统计] 处理 148419 包 | 活跃流 34 | 速率 15.6 pps | DPI: nDPI
2026-07-25 23:03:19,686.686 INFO     fluxeye.collector.pipeline [流水线统计] 处理 148487 包 | 活跃流 37 | 速率 15.6 pps | DPI: nDPI
2026-07-25 23:03:29,686.686 INFO     fluxeye.collector.pipeline [流水线统计] 处理 148648 包 | 活跃流 40 | 速率 15.6 pps | DPI: nDPI
2026-07-25 23:03:39,688.688 INFO     fluxeye.collector.pipeline [流水线统计] 处理 148732 包 | 活跃流 34 | 速率 15.6 pps | DPI: nDPI
2026-07-25 23:03:49,689.689 INFO     fluxeye.collector.pipeline [流水线统计] 处理 148815 包 | 活跃流 36 | 速率 15.5 pps | DPI: nDPI
2026-07-25 23:03:59,691.691 INFO     fluxeye.collector.pipeline [流水线统计] 处理 149084 包 | 活跃流 47 | 速率 15.6 pps | DPI: nDPI
2026-07-25 23:04:09,692.692 INFO     fluxeye.collector.pipeline [流水线统计] 处理 149535 包 | 活跃流 65 | 速率 15.6 pps | DPI: nDPI
2026-07-25 23:04:19,694.694 INFO     fluxeye.collector.pipeline [流水线统计] 处理 149877 包 | 活跃流 83 | 速率 15.6 pps | DPI: nDPI
2026-07-25 23:04:29,694.694 INFO     fluxeye.collector.pipeline [流水线统计] 处理 150059 包 | 活跃流 88 | 速率 15.6 pps | DPI: nDPI
2026-07-25 23:04:39,695.695 INFO     fluxeye.collector.pipeline [流水线统计] 处理 150133 包 | 活跃流 83 | 速率 15.6 pps | DPI: nDPI
2026-07-25 23:04:49,696.696 INFO     fluxeye.collector.pipeline [流水线统计] 处理 150185 包 | 活跃流 80 | 速率 15.6 pps | DPI: nDPI
2026-07-25 23:04:59,698.698 INFO     fluxeye.collector.pipeline [流水线统计] 处理 150346 包 | 活跃流 76 | 速率 15.6 pps | DPI: nDPI
2026-07-25 23:05:09,699.699 INFO     fluxeye.collector.pipeline [流水线统计] 处理 150406 包 | 活跃流 52 | 速率 15.6 pps | DPI: nDPI
2026-07-25 23:05:19,701.701 INFO     fluxeye.collector.pipeline [流水线统计] 处理 150564 包 | 活跃流 36 | 速率 15.6 pps | DPI: nDPI
2026-07-25 23:05:29,702.702 INFO     fluxeye.collector.pipeline [流水线统计] 处理 151046 包 | 活跃流 32 | 速率 15.6 pps | DPI: nDPI
2026-07-25 23:05:39,702.702 INFO     fluxeye.collector.pipeline [流水线统计] 处理 151712 包 | 活跃流 33 | 速率 15.7 pps | DPI: nDPI
2026-07-25 23:05:49,703.703 INFO     fluxeye.collector.pipeline [流水线统计] 处理 152671 包 | 活跃流 38 | 速率 15.8 pps | DPI: nDPI
2026-07-25 23:05:59,705.705 INFO     fluxeye.collector.pipeline [流水线统计] 处理 153076 包 | 活跃流 37 | 速率 15.8 pps | DPI: nDPI
2026-07-25 23:06:09,706.706 INFO     fluxeye.collector.pipeline [流水线统计] 处理 153463 包 | 活跃流 42 | 速率 15.8 pps | DPI: nDPI
2026-07-25 23:06:19,707.707 INFO     fluxeye.collector.pipeline [流水线统计] 处理 153519 包 | 活跃流 42 | 速率 15.8 pps | DPI: nDPI
2026-07-25 23:06:29,708.708 INFO     fluxeye.collector.pipeline [流水线统计] 处理 153645 包 | 活跃流 42 | 速率 15.8 pps | DPI: nDPI
2026-07-25 23:06:39,707.707 INFO     fluxeye.collector.pipeline [流水线统计] 处理 154043 包 | 活跃流 34 | 速率 15.8 pps | DPI: nDPI
2026-07-25 23:06:49,708.708 INFO     fluxeye.collector.pipeline [流水线统计] 处理 154124 包 | 活跃流 33 | 速率 15.8 pps | DPI: nDPI
2026-07-25 23:06:59,709.709 INFO     fluxeye.collector.pipeline [流水线统计] 处理 154173 包 | 活跃流 29 | 速率 15.8 pps | DPI: nDPI
2026-07-25 23:07:09,710.710 INFO     fluxeye.collector.pipeline [流水线统计] 处理 154245 包 | 活跃流 23 | 速率 15.8 pps | DPI: nDPI
2026-07-25 23:07:19,712.712 INFO     fluxeye.collector.pipeline [流水线统计] 处理 154322 包 | 活跃流 25 | 速率 15.8 pps | DPI: nDPI
2026-07-25 23:07:29,714.714 INFO     fluxeye.collector.pipeline [流水线统计] 处理 154405 包 | 活跃流 25 | 速率 15.8 pps | DPI: nDPI
2026-07-25 23:07:39,715.715 INFO     fluxeye.collector.pipeline [流水线统计] 处理 154470 包 | 活跃流 20 | 速率 15.8 pps | DPI: nDPI
2026-07-25 23:07:49,716.716 INFO     fluxeye.collector.pipeline [流水线统计] 处理 154526 包 | 活跃流 17 | 速率 15.8 pps | DPI: nDPI
2026-07-25 23:07:54,868.868 ERROR    fluxeye.collector.pipeline 抓包循环异常: 1 validation error for FlowRecord
l4_proto
  String should match pattern '^(tcp|udp)$' [type=string_pattern_mismatch, input_value='other', input_type=str]
    For further information visit https://errors.pydantic.dev/2.13/v/string_pattern_mismatch
